H-ID,type_id,family_name,given_names,alternative_names,Gender,Gender TRM-ID,short_description,Representative picture,described_by_source H-ID,described_at_URL,ISNI,Honorific,Honorific TRM-ID,Person type,Person type TRM-ID,Person role,Person role TRM-ID,Story element list H-ID,floruit,date_of_birth,Country of birth,Country of birth TRM-ID,Place of birth H-ID,Life events H-ID,date_of_death,Country of death,Country of death TRM-ID,Place of death H-ID,Cause of death,Cause of death TRM-ID,Unique public identifier,Contact details or URL,Email address,Language spoken,Language spoken TRM-ID,URL
44955,10,de Villeneuve,Huon,[Hugues de Villeneuve],,,,[],[],"[https://data.biblissima.fr/w/Item:Q22186, https://www.wikidata.org/wiki/Q3143380]",,[],[],[],[],[],[],,"{'comment': NULL, 'value': NULL, 'start': {'earliest': 1200-01-01 00:00:00, 'latest': NULL, 'estProfile': NULL, 'estDetermination': NULL}, 'end': {'earliest': NULL, 'latest': 1300-01-01 00:00:00, 'estProfile': NULL, 'estDetermination': NULL}, 'estDetermination': NULL, 'estProfile': NULL, 'timestamp': {'in': NULL, 'type': NULL, 'circa': false}, 'estMinDate': 1200-01-01 00:00:00, 'estMaxDate': 1300-12-31 00:00:00}",,,,,[],,,,,,,,,[],,,
44961,10,Chanoine de Saint-Pierre d'Antioche,,[],,,"Canon (chanoine) of Saint-Pierre in the crusader state Antioche, under the patronage of its prince Raymond, who died in 1149.",[],[],[],,[],[],[],[],[],[],,"{'comment': NULL, 'value': NULL, 'start': {'earliest': 1100-01-01 00:00:00, 'latest': NULL, 'estProfile': NULL, 'estDetermination': NULL}, 'end': {'earliest': NULL, 'latest': 1200-01-01 00:00:00, 'estProfile': NULL, 'estDetermination': NULL}, 'estDetermination': NULL, 'estProfile': NULL, 'timestamp': {'in': NULL, 'type': NULL, 'circa': false}, 'estMinDate': 1100-01-01 00:00:00, 'estMaxDate': 1200-12-31 00:00:00}",,,,,[],,,,,,,,,[],,,
44962,10,Richard le Pèlerin,,[Richard le Pélerin],,,"Author of the first version, lost, of the Chanson d'Antioche and the Conquête de Jérusalem.",[],[],"[https://www.wikidata.org/wiki/Q96759395, https://data.biblissima.fr/w/Item:Q299442]",0000 0004 3970 9869,[],[],[],[],[],[],,"{'comment': NULL, 'value': NULL, 'start': {'earliest': 1100-01-01 00:00:00, 'latest': NULL, 'estProfile': NULL, 'estDetermination': NULL}, 'end': {'earliest': NULL, 'latest': 1200-01-01 00:00:00, 'estProfile': NULL, 'estDetermination': NULL}, 'estDetermination': NULL, 'estProfile': NULL, 'timestamp': {'in': NULL, 'type': NULL, 'circa': false}, 'estMinDate': 1100-01-01 00:00:00, 'estMaxDate': 1200-12-31 00:00:00}",,,,,[],,,,,,,,,[],,,
44964,10,,Graindor de Douai,[Gandor de Douai],,,,[],[],"[https://www.wikidata.org/wiki/Q5258, https://data.biblissima.fr/w/Item:Q299443]",0000000387520190,[],[],[],[],[],[],,"{'comment': NULL, 'value': NULL, 'start': {'earliest': 1100-01-01 00:00:00, 'latest': NULL, 'estProfile': NULL, 'estDetermination': NULL}, 'end': {'earliest': NULL, 'latest': 1200-01-01 00:00:00, 'estProfile': NULL, 'estDetermination': NULL}, 'estDetermination': NULL, 'estProfile': NULL, 'timestamp': {'in': NULL, 'type': NULL, 'circa': false}, 'estMinDate': 1100-01-01 00:00:00, 'estMaxDate': 1200-12-31 00:00:00}",,,,,[],,,,,,,,,[],,,
44965,10,,Adenet Le Roi,"[Adenes Le Roi, Adenés le Roi, Adenés li Rois]",,,,[],[],"[https://www.wikidata.org/wiki/Q773970, https://data.biblissima.fr/w/Item:Q366]",0000000079731105,[],[],[],[],[],[],,,"{'comment': NULL, 'value': 1240-01-01 00:00:00, 'start': {'earliest': NULL, 'latest': NULL, 'estProfile': NULL, 'estDetermination': NULL}, 'end': {'earliest': NULL, 'latest': NULL, 'estProfile': NULL, 'estDetermination': NULL}, 'estDetermination': NULL, 'estProfile': NULL, 'timestamp': {'in': NULL, 'type': NULL, 'circa': false}, 'estMinDate': NULL, 'estMaxDate': NULL}",,,,[],"{'comment': NULL, 'value': 1300-01-01 00:00:00, 'start': {'earliest': NULL, 'latest': NULL, 'estProfile': NULL, 'estDetermination': NULL}, 'end': {'earliest': NULL, 'latest': NULL, 'estProfile': NULL, 'estDetermination': NULL}, 'estDetermination': NULL, 'estProfile': NULL, 'timestamp': {'in': NULL, 'type': NULL, 'circa': false}, 'estMinDate': NULL, 'estMaxDate': NULL}",,,,,,,,[],,,
44966,10,,Bertolais de Laon,"[Bertolai de Laon, Bertolais de Laon]",,,,[],[],[https://www.wikidata.org/wiki/Q63979502],https://isni.org/isni/0000000390162072,[],[],[],[],[],[],,"{'comment': NULL, 'value': NULL, 'start': {'earliest': 1100-01-01 00:00:00, 'latest': NULL, 'estProfile': NULL, 'estDetermination': NULL}, 'end': {'earliest': NULL, 'latest': 1200-01-01 00:00:00, 'estProfile': NULL, 'estDetermination': NULL}, 'estDetermination': NULL, 'estProfile': NULL, 'timestamp': {'in': NULL, 'type': NULL, 'circa': false}, 'estMinDate': 1100-01-01 00:00:00, 'estMaxDate': 1200-12-31 00:00:00}",,,,,[],,,,,,,,,[],,,
44967,10,,Bertrand de Bar-sur-Aube,[],,,Clerc champenois de la fin du XIIe s.,[],[],"[https://www.wikidata.org/wiki/Q5169, https://data.biblissima.fr/w/Item:Q25546]",https://isni.org/isni/0000000079763166,[],[],[],[],[],[],,"{'comment': NULL, 'value': NULL, 'start': {'earliest': 1181-01-01 00:00:00, 'latest': NULL, 'estProfile': NULL, 'estDetermination': NULL}, 'end': {'earliest': NULL, 'latest': 1300-01-01 00:00:00, 'estProfile': NULL, 'estDetermination': NULL}, 'estDetermination': NULL, 'estProfile': NULL, 'timestamp': {'in': NULL, 'type': NULL, 'circa': false}, 'estMinDate': 1181-01-01 00:00:00, 'estMaxDate': 1300-12-31 00:00:00}",,,,,[],,,,,,,,,[],,,
44968,10,Brienchon,,[],,,,[],[],[],,[],[],[],[],[],[],,,,,,,[],,,,,,,,,[],,,
44969,10,Cuvelier,,"[Jean Cuvelier, Charles Cuvelier, Le Cuvelier, Jean Trueller]",,,Trouvère,[],[],[https://data.biblissima.fr/w/Item:Q3477],,[],[],[],[],[],[],,"{'comment': NULL, 'value': NULL, 'start': {'earliest': 1301-01-01 00:00:00, 'latest': NULL, 'estProfile': NULL, 'estDetermination': NULL}, 'end': {'earliest': NULL, 'latest': 1399-01-01 00:00:00, 'estProfile': NULL, 'estDetermination': NULL}, 'estDetermination': NULL, 'estProfile': NULL, 'timestamp': {'in': NULL, 'type': NULL, 'circa': false}, 'estMinDate': 1301-01-01 00:00:00, 'estMaxDate': 1399-12-31 00:00:00}",,,,,[],,,,,,,,,[],,,
44970,10,d'Amiens,Girart,[Girard d'Amiens],,,,[],[],"[https://www.wikidata.org/wiki/Q3107584, https://data.biblissima.fr/w/Item:Q5952]",,[],[],[],[],[],[],,"{'comment': NULL, 'value': NULL, 'start': {'earliest': 1201-01-01 00:00:00, 'latest': NULL, 'estProfile': NULL, 'estDetermination': NULL}, 'end': {'earliest': NULL, 'latest': 1399-01-01 00:00:00, 'estProfile': NULL, 'estDetermination': NULL}, 'estDetermination': NULL, 'estProfile': NULL, 'timestamp': {'in': NULL, 'type': NULL, 'circa': false}, 'estMinDate': 1201-01-01 00:00:00, 'estMaxDate': 1399-12-31 00:00:00}",,,,,[],,,,,,,,,[],,,
44971,10,,Graindor de Brie,[],,,"Trouvère who was writing in Sicily around 1170 (Biblissima, BNF)",[],[],[https://data.biblissima.fr/w/Item:Q299871],,[],[],[],[],[],[],,"{'comment': NULL, 'value': NULL, 'start': {'earliest': 1200-01-01 00:00:00, 'latest': NULL, 'estProfile': NULL, 'estDetermination': NULL}, 'end': {'earliest': NULL, 'latest': 1300-01-01 00:00:00, 'estProfile': NULL, 'estDetermination': NULL}, 'estDetermination': NULL, 'estProfile': NULL, 'timestamp': {'in': NULL, 'type': NULL, 'circa': false}, 'estMinDate': 1200-01-01 00:00:00, 'estMaxDate': 1300-12-31 00:00:00}",,,,,[],,,,,,,,,[],,,
44972,10,,Guillaume de Bapaume,[],,,,[],[],[https://data.biblissima.fr/w/Item:Q25576],,[],[],[],[],[],[],,"{'comment': NULL, 'value': NULL, 'start': {'earliest': 1100-01-01 00:00:00, 'latest': NULL, 'estProfile': NULL, 'estDetermination': NULL}, 'end': {'earliest': NULL, 'latest': 1299-01-01 00:00:00, 'estProfile': NULL, 'estDetermination': NULL}, 'estDetermination': NULL, 'estProfile': NULL, 'timestamp': {'in': NULL, 'type': NULL, 'circa': false}, 'estMinDate': 1100-01-01 00:00:00, 'estMaxDate': 1299-12-31 00:00:00}",,,,,[],,,,,,,,,[],,,
44973,10,,Grégoire Bechada,[],,,Occitan poet,[],[],[https://www.wikidata.org/wiki/Q8965057],https://isni.org/isni/0000000005293296,[],[],[],[],[],[],,"{'comment': NULL, 'value': NULL, 'start': {'earliest': 1100-01-01 00:00:00, 'latest': NULL, 'estProfile': NULL, 'estDetermination': NULL}, 'end': {'earliest': NULL, 'latest': 1200-01-01 00:00:00, 'estProfile': NULL, 'estDetermination': NULL}, 'estDetermination': NULL, 'estProfile': NULL, 'timestamp': {'in': NULL, 'type': NULL, 'circa': false}, 'estMinDate': 1100-01-01 00:00:00, 'estMaxDate': 1200-12-31 00:00:00}",,,,,[],,,,,,,,,[],,,
44974,10,de Tudèle,Guillaume,"[William of Tudela, Guilhèm de Tudèla, Guilhem de Tudela]",,,,[],[],"[https://data.biblissima.fr/w/Item:Q6349, https://www.wikidata.org/wiki/Q2006261]",,[],[],[],[],[],[],,"{'comment': NULL, 'value': NULL, 'start': {'earliest': 1101-01-01 00:00:00, 'latest': NULL, 'estProfile': NULL, 'estDetermination': NULL}, 'end': {'earliest': NULL, 'latest': 1299-01-01 00:00:00, 'estProfile': NULL, 'estDetermination': NULL}, 'estDetermination': NULL, 'estProfile': NULL, 'timestamp': {'in': NULL, 'type': NULL, 'circa': false}, 'estMinDate': 1101-01-01 00:00:00, 'estMaxDate': 1299-12-31 00:00:00}",,,,,[],,,,,,,,,[],,,
44975,10,,Herbert le Duc de Dammartin,[Herbert Le Duc],,,,[],[],"[https://data.biblissima.fr/w/Item:Q298692, https://www.wikidata.org/wiki/Q106211407]",https://isni.org/isni/0000000079726082,[],[],[],[],[],[],,"{'comment': NULL, 'value': NULL, 'start': {'earliest': 1101-01-01 00:00:00, 'latest': NULL, 'estProfile': NULL, 'estDetermination': NULL}, 'end': {'earliest': NULL, 'latest': 1299-01-01 00:00:00, 'estProfile': NULL, 'estDetermination': NULL}, 'estDetermination': NULL, 'estProfile': NULL, 'timestamp': {'in': NULL, 'type': NULL, 'circa': false}, 'estMinDate': 1101-01-01 00:00:00, 'estMaxDate': 1299-12-31 00:00:00}",,,,,[],,,,,,,,,[],,,
44976,10,Bodel,Jean,[Jean Bodel d'Arras],,,,[],[],[https://www.wikidata.org/wiki/Q5172],,[],[],[],[],[],[],,,"{'comment': NULL, 'value': 1165-01-01 00:00:00, 'start': {'earliest': NULL, 'latest': NULL, 'estProfile': NULL, 'estDetermination': NULL}, 'end': {'earliest': NULL, 'latest': NULL, 'estProfile': NULL, 'estDetermination': NULL}, 'estDetermination': NULL, 'estProfile': NULL, 'timestamp': {'in': NULL, 'type': NULL, 'circa': false}, 'estMinDate': NULL, 'estMaxDate': NULL}",,,,[],"{'comment': NULL, 'value': 1210-01-01 00:00:00, 'start': {'earliest': NULL, 'latest': NULL, 'estProfile': NULL, 'estDetermination': NULL}, 'end': {'earliest': NULL, 'latest': NULL, 'estProfile': NULL, 'estDetermination': NULL}, 'estDetermination': NULL, 'estProfile': NULL, 'timestamp': {'in': NULL, 'type': NULL, 'circa': false}, 'estMinDate': NULL, 'estMaxDate': NULL}",,,,,,,,[],,,
44977,10,d'Outremeuse,Jean,"[Jean des Preis, Jean des Prés]",,,,[],[],"[https://www.wikidata.org/wiki/Q1685972, https://data.biblissima.fr/w/Item:Q22228]",,[],[],[],[],[],[],,,"{'comment': NULL, 'value': 1338-01-02 00:00:00, 'start': {'earliest': NULL, 'latest': NULL, 'estProfile': NULL, 'estDetermination': NULL}, 'end': {'earliest': NULL, 'latest': NULL, 'estProfile': NULL, 'estDetermination': NULL}, 'estDetermination': NULL, 'estProfile': NULL, 'timestamp': {'in': NULL, 'type': NULL, 'circa': false}, 'estMinDate': NULL, 'estMaxDate': NULL}",,,,[],"{'comment': NULL, 'value': 1400-11-25 00:00:00, 'start': {'earliest': NULL, 'latest': NULL, 'estProfile': NULL, 'estDetermination': NULL}, 'end': {'earliest': NULL, 'latest': NULL, 'estProfile': NULL, 'estDetermination': NULL}, 'estDetermination': NULL, 'estProfile': NULL, 'timestamp': {'in': NULL, 'type': NULL, 'circa': false}, 'estMinDate': NULL, 'estMaxDate': NULL}",,,,,,,,[],,,
44978,10,,Jean de Flagy,[],,,,[],[],[https://data.biblissima.fr/w/Item:Q8426],,[],[],[],[],[],[],,"{'comment': NULL, 'value': NULL, 'start': {'earliest': 1101-01-01 00:00:00, 'latest': NULL, 'estProfile': NULL, 'estDetermination': NULL}, 'end': {'earliest': NULL, 'latest': 1199-01-01 00:00:00, 'estProfile': NULL, 'estDetermination': NULL}, 'estDetermination': NULL, 'estProfile': NULL, 'timestamp': {'in': NULL, 'type': NULL, 'circa': false}, 'estMinDate': 1101-01-01 00:00:00, 'estMaxDate': 1199-12-31 00:00:00}",,,,,[],,,,,,,,,[],,,
44979,10,de Bononia,Johannes,[],,,"Copyist, scribe",[],[],[https://data.biblissima.fr/w/Item:Q301352],,[],[],[],[],[],[],,,,,,,[],,,,,,,,,[],,,
44980,10,da Casola,Nicola,[Niccolò da Casola],,,,[],[],[https://www.wikidata.org/wiki/Q48407068],,[],[],[],[],[],[],,"{'comment': NULL, 'value': NULL, 'start': {'earliest': 1305-01-01 00:00:00, 'latest': 1310-01-01 00:00:00, 'estProfile': NULL, 'estDetermination': NULL}, 'end': {'earliest': 1380-01-01 00:00:00, 'latest': 1380-01-01 00:00:00, 'estProfile': NULL, 'estDetermination': NULL}, 'estDetermination': NULL, 'estProfile': NULL, 'timestamp': {'in': NULL, 'type': NULL, 'circa': false}, 'estMinDate': 1305-01-01 00:00:00, 'estMaxDate': 1380-12-31 00:00:00}",,,,,[],,,,,,,,,[],,,
44981,10,da Verona,Niccolò,[],,,,[],[],[https://data.biblissima.fr/w/Item:Q298755],,[],[],[],[],[],[],,"{'comment': NULL, 'value': NULL, 'start': {'earliest': 1301-01-01 00:00:00, 'latest': NULL, 'estProfile': NULL, 'estDetermination': NULL}, 'end': {'earliest': NULL, 'latest': 1399-01-01 00:00:00, 'estProfile': NULL, 'estDetermination': NULL}, 'estDetermination': NULL, 'estProfile': NULL, 'timestamp': {'in': NULL, 'type': NULL, 'circa': false}, 'estMinDate': 1301-01-01 00:00:00, 'estMaxDate': 1399-12-31 00:00:00}",,,,,[],,,,,,,,,[],,,
44982,10,da Verona,Raffaele,"[Raffaele Marmora, da Verona, Raphaël de Vérone, Raphaël Marmora]",,,"Considéré comme l'auteur du roman franco-italien ""Aquilon de Bavière"", composé entre 1379 et 1407 (BNF)",[],[],[https://data.biblissima.fr/w/Item:Q300079],,[],[],[],[],[],[],,"{'comment': NULL, 'value': NULL, 'start': {'earliest': 1301-01-01 00:00:00, 'latest': NULL, 'estProfile': NULL, 'estDetermination': NULL}, 'end': {'earliest': NULL, 'latest': 1499-01-01 00:00:00, 'estProfile': NULL, 'estDetermination': NULL}, 'estDetermination': NULL, 'estProfile': NULL, 'timestamp': {'in': NULL, 'type': NULL, 'circa': false}, 'estMinDate': 1301-01-01 00:00:00, 'estMaxDate': 1499-12-31 00:00:00}",,,,,[],,,,,,,,,[],,,
44983,10,,Raimbert de Paris,[],,,Auteur de : [Ogier le Danois]. Pour cette œuvre consulter le Fichier d'autorité des titres uniformes (BNF),[],[],[https://data.biblissima.fr/w/Item:Q23603],,[],[],[],[],[],[],,,,,,,[],,,,,,,,,[],,,
44989,10,,Thomas,[Mestre Thomas],,,Anglo-Norman writer from the 12th century. Might or might not be the same author as the Thomas author of a Tristan,[],[],[https://arlima.net/no/235],,[],[],[],[],[],[],,"{'comment': NULL, 'value': NULL, 'start': {'earliest': 1100-01-01 00:00:00, 'latest': NULL, 'estProfile': NULL, 'estDetermination': NULL}, 'end': {'earliest': NULL, 'latest': 1200-01-01 00:00:00, 'estProfile': NULL, 'estDetermination': NULL}, 'estDetermination': NULL, 'estProfile': NULL, 'timestamp': {'in': NULL, 'type': NULL, 'circa': false}, 'estMinDate': 1100-01-01 00:00:00, 'estMaxDate': 1200-12-31 00:00:00}",,,,,[],,,,,,,,,[],,,
46895,10,von Aue,Hartmann,[],,,,[],[],[],,[],[],[],[],[],[],,,"{'comment': NULL, 'value': NULL, 'start': {'earliest': 1161-01-01 00:00:00, 'latest': NULL, 'estProfile': NULL, 'estDetermination': NULL}, 'end': {'earliest': NULL, 'latest': 1170-01-01 00:00:00, 'estProfile': NULL, 'estDetermination': NULL}, 'estDetermination': conjecture, 'estProfile': NULL, 'timestamp': {'in': NULL, 'type': NULL, 'circa': false}, 'estMinDate': 1161-01-01 00:00:00, 'estMaxDate': 1170-12-31 00:00:00}",,,,[],"{'comment': NULL, 'value': NULL, 'start': {'earliest': 1211-01-01 00:00:00, 'latest': NULL, 'estProfile': NULL, 'estDetermination': NULL}, 'end': {'earliest': NULL, 'latest': 1220-01-01 00:00:00, 'estProfile': NULL, 'estDetermination': NULL}, 'estDetermination': NULL, 'estProfile': NULL, 'timestamp': {'in': NULL, 'type': NULL, 'circa': false}, 'estMinDate': 1211-01-01 00:00:00, 'estMaxDate': 1220-12-31 00:00:00}",,,,,,,,[],,,
46897,10,Möhren,Frankwalt,[],,,,[],[],[],,[],[],[],[],[],[],,,,,,,[],,,,,,,,,[],,,
46913,10,Moisan,André,[],,,,[],[],[],,[],[],[],[],[],[],,,,,,,[],,,,,,,,,[],,,
46916,10,Bossuat,Robert,[],,,,[],[],[],,[],[],[],[],[],[],,,,,,,[],,,,,,,,,[],,,
46920,10,Monfrin,Jacques,[],,,,[],[],[],,[],[],[],[],[],[],,,,,,,[],,,,,,,,,[],,,
46921,10,Vielliard,Françoise,[],,,,[],[],[],,[],[],[],[],[],[],,,,,,,[],,,,,,,,,[],,,
46924,10,Luca,Paolo Di,[],,,,[],[],[],,[],[],[],[],[],[],,,,,,,[],,,,,,,,,[],,,
46927,10,Klein,Jan Willem,[],,,,[],[],[],,[],[],[],[],[],[],,,,,,,[],,,,,,,,,[],,,
47373,10,Van Aken,Hein,[],,,,[],[],[],,[],[],[],[],[],[],,"{'comment': NULL, 'value': NULL, 'start': {'earliest': 1271-01-01 00:00:00, 'latest': NULL, 'estProfile': NULL, 'estDetermination': NULL}, 'end': {'earliest': NULL, 'latest': 1320-01-01 00:00:00, 'estProfile': NULL, 'estDetermination': NULL}, 'estDetermination': conjecture, 'estProfile': NULL, 'timestamp': {'in': NULL, 'type': NULL, 'circa': false}, 'estMinDate': 1271-01-01 00:00:00, 'estMaxDate': 1320-12-31 00:00:00}",,,,,[],,,,,,,,,[],,,
47475,10,van Maerlant,Jacob,[],,,"'Jacob van Maerlant schreef de meest uiteenlopende boeken, van ridderromans tot een wereldgeschiedenis. Als vertaler is hij van grote betekenis geweest voor de Middelnederlandse literatuur.'",[],[],[https://www.literatuurgeschiedenis.org/schrijvers/jacob-van-maerlant],,[],[],[],[],[],[],,,"{'comment': NULL, 'value': NULL, 'start': {'earliest': 1231-01-01 00:00:00, 'latest': NULL, 'estProfile': NULL, 'estDetermination': NULL}, 'end': {'earliest': NULL, 'latest': 1235-01-01 00:00:00, 'estProfile': NULL, 'estDetermination': NULL}, 'estDetermination': conjecture, 'estProfile': central, 'timestamp': {'in': NULL, 'type': NULL, 'circa': false}, 'estMinDate': 1231-01-01 00:00:00, 'estMaxDate': 1235-12-31 00:00:00}",,,,[],"{'comment': NULL, 'value': NULL, 'start': {'earliest': 1288-01-01 00:00:00, 'latest': NULL, 'estProfile': NULL, 'estDetermination': NULL}, 'end': {'earliest': NULL, 'latest': 1300-01-01 00:00:00, 'estProfile': NULL, 'estDetermination': NULL}, 'estDetermination': conjecture, 'estProfile': central, 'timestamp': {'in': NULL, 'type': NULL, 'circa': false}, 'estMinDate': 1288-01-01 00:00:00, 'estMaxDate': 1300-12-31 00:00:00}",,,,,,,,[],,,
47486,10,Caers,Bram,[],,,,[],[],[],,[],[],[],[],[],[],,,,,,,[],,,,,,,,,[],,,
47487,10,Kestemont,Mike,[],,,,[],[],[],,[],[],[],[],[],[],,,,,,,[],,,,,,,,,[],,,
47490,10,Kienhorst,Hans,[],,,,[],[],[],,[],[],[],[],[],[],,,,,,,[],,,,,,,,,[],,,
47495,10,Verbraeken,Bram,[],,,,[],[],[],,[],[],[],[],[],[],,,,,,,[],,,,,,,,,[],,,
47549,10,Van Assenede,Diederik,[Dierekin de Assenede],,,Diederik van Assenede worked as a clerk for the Flemish court. Hij was active between 1260 and 1280.,[],[],[https://www.literatuurgeschiedenis.org/teksten/floris-ende-blancefloer],,[],[],[],[],[],[],,"{'comment': NULL, 'value': NULL, 'start': {'earliest': 1261-01-01 00:00:00, 'latest': NULL, 'estProfile': NULL, 'estDetermination': NULL}, 'end': {'earliest': NULL, 'latest': 1280-01-01 00:00:00, 'estProfile': NULL, 'estDetermination': NULL}, 'estDetermination': conjecture, 'estProfile': NULL, 'timestamp': {'in': NULL, 'type': NULL, 'circa': false}, 'estMinDate': 1261-01-01 00:00:00, 'estMaxDate': 1280-12-31 00:00:00}",,,,,[],,,,,,,,,[],,,
47645,10,Wauquelin,Jean,[],,,"""originaire de Picardie, présent à Mons avant 1428, bourgeois de la ville. A travaillé pour les grands seigneurs bourguignons et pour le duc"" (Jonas)",[],[],"[https://arlima.net/no/101, http://jonas.irht.cnrs.fr/intervenant/527]",,[],[],[],[],[],[],,,"{'comment': NULL, 'value': NULL, 'start': {'earliest': 1376-01-01 00:00:00, 'latest': NULL, 'estProfile': NULL, 'estDetermination': NULL}, 'end': {'earliest': NULL, 'latest': 1428-01-01 00:00:00, 'estProfile': NULL, 'estDetermination': NULL}, 'estDetermination': NULL, 'estProfile': NULL, 'timestamp': {'in': NULL, 'type': NULL, 'circa': false}, 'estMinDate': 1376-01-01 00:00:00, 'estMaxDate': 1428-12-31 00:00:00}",,,,[],"{'comment': NULL, 'value': 1453-01-01 00:00:00, 'start': {'earliest': NULL, 'latest': NULL, 'estProfile': NULL, 'estDetermination': NULL}, 'end': {'earliest': NULL, 'latest': NULL, 'estProfile': NULL, 'estDetermination': NULL}, 'estDetermination': NULL, 'estProfile': NULL, 'timestamp': {'in': NULL, 'type': NULL, 'circa': false}, 'estMinDate': NULL, 'estMaxDate': NULL}",,,,,,,,[],,,
47769,10,Penninc,,[],,,Co-author of Roman van Walewein.,[],[],[https://www.literatuurgeschiedenis.org/teksten/roman-van-walewein],,[],[],[],[],[],[],,"{'comment': NULL, 'value': NULL, 'start': {'earliest': 1231-01-01 00:00:00, 'latest': NULL, 'estProfile': NULL, 'estDetermination': NULL}, 'end': {'earliest': NULL, 'latest': 1270-01-01 00:00:00, 'estProfile': NULL, 'estDetermination': NULL}, 'estDetermination': conjecture, 'estProfile': NULL, 'timestamp': {'in': NULL, 'type': NULL, 'circa': false}, 'estMinDate': 1231-01-01 00:00:00, 'estMaxDate': 1270-12-31 00:00:00}",,,,,[],,,,,,,,,[],,,
47770,10,Vostaert,Pieter,[],,,Co-author of Roman van Walewein.,[],[],[https://www.literatuurgeschiedenis.org/teksten/roman-van-walewein],,[],[],[],[],[],[],,"{'comment': NULL, 'value': NULL, 'start': {'earliest': 1231-01-01 00:00:00, 'latest': NULL, 'estProfile': NULL, 'estDetermination': NULL}, 'end': {'earliest': NULL, 'latest': 1270-01-01 00:00:00, 'estProfile': NULL, 'estDetermination': NULL}, 'estDetermination': conjecture, 'estProfile': NULL, 'timestamp': {'in': NULL, 'type': NULL, 'circa': false}, 'estMinDate': 1231-01-01 00:00:00, 'estMaxDate': 1270-12-31 00:00:00}",,,,,[],,,,,,,,,[],,,
47789,10,van Haerlem,Claes,[],,,,[],"[47483, 47482]",[],,[],[],[],[],[],[],,"{'comment': NULL, 'value': NULL, 'start': {'earliest': 1201-01-01 00:00:00, 'latest': NULL, 'estProfile': NULL, 'estDetermination': NULL}, 'end': {'earliest': NULL, 'latest': 1250-01-01 00:00:00, 'estProfile': NULL, 'estDetermination': NULL}, 'estDetermination': conjecture, 'estProfile': NULL, 'timestamp': {'in': NULL, 'type': NULL, 'circa': false}, 'estMinDate': 1201-01-01 00:00:00, 'estMaxDate': 1250-12-31 00:00:00}",,,,,[],,,,,,,,,[],,,
48162,10,Van Velthem,Lodewijk,[],,,,[],[47482],[http://www.biografischportaal.nl/persoon/87314666],,[],[],[],[],[],[],,"{'comment': NULL, 'value': NULL, 'start': {'earliest': 1270-01-01 00:00:00, 'latest': NULL, 'estProfile': NULL, 'estDetermination': NULL}, 'end': {'earliest': NULL, 'latest': 1327-01-01 00:00:00, 'estProfile': NULL, 'estDetermination': NULL}, 'estDetermination': conjecture, 'estProfile': NULL, 'timestamp': {'in': NULL, 'type': NULL, 'circa': false}, 'estMinDate': 1270-01-01 00:00:00, 'estMaxDate': 1327-12-31 00:00:00}",,,,,[],,,,,,,,,[],,,
48287,10,Latewaert,Loy,[],,,,[],[47483],[http://www.biografischportaal.nl/persoon/90993590],,[],[],[],[],[],[],,,"{'comment': NULL, 'value': NULL, 'start': {'earliest': 1251-01-01 00:00:00, 'latest': NULL, 'estProfile': NULL, 'estDetermination': NULL}, 'end': {'earliest': NULL, 'latest': 1350-01-01 00:00:00, 'estProfile': NULL, 'estDetermination': NULL}, 'estDetermination': conjecture, 'estProfile': NULL, 'timestamp': {'in': NULL, 'type': NULL, 'circa': false}, 'estMinDate': 1251-01-01 00:00:00, 'estMaxDate': 1350-12-31 00:00:00}",,,,[],"{'comment': NULL, 'value': NULL, 'start': {'earliest': 1301-01-01 00:00:00, 'latest': NULL, 'estProfile': NULL, 'estDetermination': NULL}, 'end': {'earliest': NULL, 'latest': 1400-01-01 00:00:00, 'estProfile': NULL, 'estDetermination': NULL}, 'estDetermination': conjecture, 'estProfile': NULL, 'timestamp': {'in': NULL, 'type': NULL, 'circa': false}, 'estMinDate': 1301-01-01 00:00:00, 'estMaxDate': 1400-12-31 00:00:00}",,,,,,,,[],,,
48297,10,Diengotgaf,Segher,[],,,,[],[47483],[http://www.biografischportaal.nl/persoon/43312678],,[],[],[],[],[],[],,,"{'comment': NULL, 'value': NULL, 'start': {'earliest': 1151-01-01 00:00:00, 'latest': NULL, 'estProfile': NULL, 'estDetermination': NULL}, 'end': {'earliest': NULL, 'latest': 1250-01-01 00:00:00, 'estProfile': NULL, 'estDetermination': NULL}, 'estDetermination': conjecture, 'estProfile': central, 'timestamp': {'in': NULL, 'type': NULL, 'circa': false}, 'estMinDate': 1151-01-01 00:00:00, 'estMaxDate': 1250-12-31 00:00:00}",,,,[],"{'comment': NULL, 'value': NULL, 'start': {'earliest': 1201-01-01 00:00:00, 'latest': NULL, 'estProfile': NULL, 'estDetermination': NULL}, 'end': {'earliest': NULL, 'latest': 1301-01-01 00:00:00, 'estProfile': NULL, 'estDetermination': NULL}, 'estDetermination': conjecture, 'estProfile': central, 'timestamp': {'in': NULL, 'type': NULL, 'circa': false}, 'estMinDate': 1201-01-01 00:00:00, 'estMaxDate': 1301-12-31 00:00:00}",,,,,,,,[],,,
48383,10,,Beroul,[Béroul],,,,[],[],[],,[],[],[],[],[],[],,"{'comment': NULL, 'value': NULL, 'start': {'earliest': 1148-01-01 00:00:00, 'latest': NULL, 'estProfile': NULL, 'estDetermination': NULL}, 'end': {'earliest': NULL, 'latest': 1200-01-01 00:00:00, 'estProfile': NULL, 'estDetermination': NULL}, 'estDetermination': NULL, 'estProfile': NULL, 'timestamp': {'in': NULL, 'type': NULL, 'circa': false}, 'estMinDate': 1148-01-01 00:00:00, 'estMaxDate': 1200-12-31 00:00:00}",,,,,[],,,,,,,,,[],,,
48388,10,,Chrétien de Troyes,[],,,,[],[],[https://www.arlima.net/ad/chretien_de_troyes.html],,[],[],[],[],[],[],,,"{'comment': NULL, 'value': NULL, 'start': {'earliest': 1129-01-01 00:00:00, 'latest': NULL, 'estProfile': NULL, 'estDetermination': NULL}, 'end': {'earliest': NULL, 'latest': 1132-01-01 00:00:00, 'estProfile': NULL, 'estDetermination': NULL}, 'estDetermination': NULL, 'estProfile': NULL, 'timestamp': {'in': NULL, 'type': NULL, 'circa': false}, 'estMinDate': 1129-01-01 00:00:00, 'estMaxDate': 1132-12-31 00:00:00}",,,,[],"{'comment': NULL, 'value': NULL, 'start': {'earliest': 1181-01-01 00:00:00, 'latest': NULL, 'estProfile': NULL, 'estDetermination': NULL}, 'end': {'earliest': NULL, 'latest': 1190-01-01 00:00:00, 'estProfile': NULL, 'estDetermination': NULL}, 'estDetermination': NULL, 'estProfile': NULL, 'timestamp': {'in': NULL, 'type': NULL, 'circa': false}, 'estMinDate': 1181-01-01 00:00:00, 'estMaxDate': 1190-12-31 00:00:00}",,,,,,,,[],,,
48397,10,,Luce del Gat,[],,,,[],[],[http://jonas.irht.cnrs.fr/intervenant/602],,[],[],[],[],[],[],,,"{'comment': NULL, 'value': NULL, 'start': {'earliest': 1151-01-01 00:00:00, 'latest': 1151-01-01 00:00:00, 'estProfile': NULL, 'estDetermination': NULL}, 'end': {'earliest': 1220-01-01 00:00:00, 'latest': 1220-01-01 00:00:00, 'estProfile': NULL, 'estDetermination': NULL}, 'estDetermination': conjecture, 'estProfile': NULL, 'timestamp': {'in': NULL, 'type': NULL, 'circa': false}, 'estMinDate': 1151-01-01 00:00:00, 'estMaxDate': 1220-12-31 00:00:00}",,,,[],"{'comment': NULL, 'value': NULL, 'start': {'earliest': 1231-01-01 00:00:00, 'latest': NULL, 'estProfile': NULL, 'estDetermination': NULL}, 'end': {'earliest': NULL, 'latest': 1300-01-01 00:00:00, 'estProfile': NULL, 'estDetermination': NULL}, 'estDetermination': conjecture, 'estProfile': NULL, 'timestamp': {'in': NULL, 'type': NULL, 'circa': false}, 'estMinDate': 1231-01-01 00:00:00, 'estMaxDate': 1300-12-31 00:00:00}",,,,,,,,[],,,
48472,10,,Jakemes,[],,,author of Picard origin,[],[],[https://arlima.net/no/233],,[],[],[],[],[],[],,,"{'comment': NULL, 'value': NULL, 'start': {'earliest': 1201-01-01 00:00:00, 'latest': NULL, 'estProfile': NULL, 'estDetermination': NULL}, 'end': {'earliest': NULL, 'latest': 1300-01-01 00:00:00, 'estProfile': NULL, 'estDetermination': NULL}, 'estDetermination': NULL, 'estProfile': NULL, 'timestamp': {'in': NULL, 'type': NULL, 'circa': false}, 'estMinDate': 1201-01-01 00:00:00, 'estMaxDate': 1300-12-31 00:00:00}",,,,[],,,,,,,,,[],,,
48486,10,,Aimon de Varennes,[],,,"Probably born in Châtillon-sur-Azergue, Rhône",[],[],[https://arlima.net/no/678],,[],[],[],[],[],[],,,"{'comment': NULL, 'value': NULL, 'start': {'earliest': 1101-01-01 00:00:00, 'latest': NULL, 'estProfile': NULL, 'estDetermination': NULL}, 'end': {'earliest': NULL, 'latest': 1168-01-01 00:00:00, 'estProfile': NULL, 'estDetermination': NULL}, 'estDetermination': NULL, 'estProfile': NULL, 'timestamp': {'in': NULL, 'type': NULL, 'circa': false}, 'estMinDate': 1101-01-01 00:00:00, 'estMaxDate': 1168-12-31 00:00:00}",,,,[],,,,,,,,,[],,,
48498,10,,Albéric de Pisançon,[Auberi de Besançon (Alberic de Pisançon)],,,,[],[],[http://jonas.irht.cnrs.fr/intervenant/21],,[],[],[],[],[],[],,,"{'comment': NULL, 'value': NULL, 'start': {'earliest': 1001-01-01 00:00:00, 'latest': NULL, 'estProfile': NULL, 'estDetermination': NULL}, 'end': {'earliest': NULL, 'latest': 1100-01-01 00:00:00, 'estProfile': NULL, 'estDetermination': NULL}, 'estDetermination': NULL, 'estProfile': NULL, 'timestamp': {'in': NULL, 'type': NULL, 'circa': false}, 'estMinDate': 1001-01-01 00:00:00, 'estMaxDate': 1100-12-31 00:00:00}",,,,[],,,,,,,,,[],,,
48503,10,,Lambert le Tort,[],,,clerc de Châteaudun (Eure et Loire),[],[],[http://jonas.irht.cnrs.fr/intervenant/2611],,[],[],[],[],[],[],,,"{'comment': NULL, 'value': NULL, 'start': {'earliest': 1101-01-01 00:00:00, 'latest': NULL, 'estProfile': NULL, 'estDetermination': NULL}, 'end': {'earliest': NULL, 'latest': 1150-01-01 00:00:00, 'estProfile': NULL, 'estDetermination': NULL}, 'estDetermination': NULL, 'estProfile': NULL, 'timestamp': {'in': NULL, 'type': NULL, 'circa': false}, 'estMinDate': 1101-01-01 00:00:00, 'estMaxDate': 1150-12-31 00:00:00}",,,,[],,,,,,,,,[],,,
48505,10,,Eustache,[],,,,[],[],[http://jonas.irht.cnrs.fr/intervenant/4170],,[],[],[],[],[],[],,,"{'comment': NULL, 'value': NULL, 'start': {'earliest': 1101-01-01 00:00:00, 'latest': NULL, 'estProfile': NULL, 'estDetermination': NULL}, 'end': {'earliest': NULL, 'latest': 1160-01-01 00:00:00, 'estProfile': NULL, 'estDetermination': NULL}, 'estDetermination': NULL, 'estProfile': NULL, 'timestamp': {'in': NULL, 'type': NULL, 'circa': false}, 'estMinDate': 1101-01-01 00:00:00, 'estMaxDate': 1160-12-31 00:00:00}",,,,[],,,,,,,,,[],,,
48507,10,,"Alexandre de Bernay, dit de Paris",[],,,,[],[],[http://jonas.irht.cnrs.fr/intervenant/1758],,[],[],[],[],[],[],,,"{'comment': NULL, 'value': NULL, 'start': {'earliest': 1101-01-01 00:00:00, 'latest': NULL, 'estProfile': NULL, 'estDetermination': NULL}, 'end': {'earliest': NULL, 'latest': 1160-01-01 00:00:00, 'estProfile': NULL, 'estDetermination': NULL}, 'estDetermination': NULL, 'estProfile': NULL, 'timestamp': {'in': NULL, 'type': NULL, 'circa': false}, 'estMinDate': 1101-01-01 00:00:00, 'estMaxDate': 1160-12-31 00:00:00}",,,,[],,,,,,,,,[],,,
48512,10,,Robert d'Orbigny,[],,,,[],[],[http://jonas.irht.cnrs.fr/intervenant/1667],,[],[],[],[],[],[],,,"{'comment': NULL, 'value': NULL, 'start': {'earliest': 1091-01-01 00:00:00, 'latest': NULL, 'estProfile': NULL, 'estDetermination': NULL}, 'end': {'earliest': NULL, 'latest': 1130-01-01 00:00:00, 'estProfile': NULL, 'estDetermination': NULL}, 'estDetermination': NULL, 'estProfile': NULL, 'timestamp': {'in': NULL, 'type': NULL, 'circa': false}, 'estMinDate': 1091-01-01 00:00:00, 'estMaxDate': 1130-12-31 00:00:00}",,,,[],,,,,,,,,[],,,
48517,10,,Benoît de Sainte-Maure,[],,,Normand ou tourangeau,[],[],[http://jonas.irht.cnrs.fr/intervenant/87],,[],[],[],[],[],[],,,"{'comment': NULL, 'value': NULL, 'start': {'earliest': 1106-01-01 00:00:00, 'latest': NULL, 'estProfile': NULL, 'estDetermination': NULL}, 'end': {'earliest': NULL, 'latest': 1145-01-01 00:00:00, 'estProfile': NULL, 'estDetermination': NULL}, 'estDetermination': NULL, 'estProfile': NULL, 'timestamp': {'in': NULL, 'type': NULL, 'circa': false}, 'estMinDate': 1106-01-01 00:00:00, 'estMaxDate': 1145-12-31 00:00:00}",,,,[],,,,,,,,,[],,,
48547,10,,Requis,[],,,,[],[],[http://jonas.irht.cnrs.fr/intervenant/3901],,[],[],[],[],[],[],,,,,,,[],,,,,,,,,[],,,
48560,10,,Wauchier de Denain,[],,,,[],[],[],,[],[],[],[],[],[],,,,,,,[],,,,,,,,,[],,,
48563,10,,Manessier,[],,,"Clerc writing for Jeanne, countess of Flander",[],[],[http://jonas.irht.cnrs.fr/intervenant/616],,[],[],[],[],[],[],,"{'comment': NULL, 'value': NULL, 'start': {'earliest': 1206-01-01 00:00:00, 'latest': NULL, 'estProfile': NULL, 'estDetermination': NULL}, 'end': {'earliest': NULL, 'latest': 1244-01-01 00:00:00, 'estProfile': NULL, 'estDetermination': NULL}, 'estDetermination': NULL, 'estProfile': NULL, 'timestamp': {'in': NULL, 'type': NULL, 'circa': false}, 'estMinDate': 1206-01-01 00:00:00, 'estMaxDate': 1244-12-31 00:00:00}",,,,,[],,,,,,,,,[],,,
48566,10,,Gerbert de Montreuil,[],,,"Originaire de Montreuil-Sur-Mer (Pas-de-Calais)
Relation avec Marie de Ponthieu
A fréquenté les cours du Nord, et les résidences royales du Loiret
source: DLF-MA",[],[],[http://jonas.irht.cnrs.fr/intervenant/243],,[],[],[],[],[],[],,,"{'comment': NULL, 'value': NULL, 'start': {'earliest': 1201-01-01 00:00:00, 'latest': NULL, 'estProfile': NULL, 'estDetermination': NULL}, 'end': {'earliest': NULL, 'latest': 1233-01-01 00:00:00, 'estProfile': NULL, 'estDetermination': NULL}, 'estDetermination': NULL, 'estProfile': NULL, 'timestamp': {'in': NULL, 'type': NULL, 'circa': false}, 'estMinDate': 1201-01-01 00:00:00, 'estMaxDate': 1233-12-31 00:00:00}",,,,[],,,,,,,,,[],,,
48571,10,,Robert de Boron,[],,,From Boron (close to Montbéliard); wrote under the protection of Gautier de Montbéliard (d. 1212),[],[],[],,[],[],[],[],[],[],,"{'comment': NULL, 'value': NULL, 'start': {'earliest': 1191-01-01 00:00:00, 'latest': NULL, 'estProfile': NULL, 'estDetermination': NULL}, 'end': {'earliest': NULL, 'latest': 1210-01-01 00:00:00, 'estProfile': NULL, 'estDetermination': NULL}, 'estDetermination': NULL, 'estProfile': NULL, 'timestamp': {'in': NULL, 'type': NULL, 'circa': false}, 'estMinDate': 1191-01-01 00:00:00, 'estMaxDate': 1210-12-31 00:00:00}",,,,,[],,,,,,,,,[],,,
48599,10,de Beauvais,Vincent,[],,,,[],[],"[https://www.wikidata.org/wiki/Q455162, http://jonas.irht.cnrs.fr/intervenant/908]",,[],[],[],[],[],[],,,,,,,[],,,,,,,,,[],,,
48605,10,Bras-de-Fer,Jean,[Jehan BrasdeFer],,,,[],[],"[https://www.wikidata.org/wiki/Q124334687, https://arlima.net/no/5587]",0000000080754590,[],[],[],[],[],[],,"{'comment': NULL, 'value': NULL, 'start': {'earliest': 1301-01-01 00:00:00, 'latest': NULL, 'estProfile': NULL, 'estDetermination': NULL}, 'end': {'earliest': NULL, 'latest': 1400-01-01 00:00:00, 'estProfile': NULL, 'estDetermination': NULL}, 'estDetermination': conjecture, 'estProfile': NULL, 'timestamp': {'in': NULL, 'type': NULL, 'circa': false}, 'estMinDate': 1301-01-01 00:00:00, 'estMaxDate': 1400-12-31 00:00:00}",,,,,[],,,,,,,,,[],,,
48692,10,,Raoul de Houdenc,[],,,"""Auteur de la fin du 12e et de la première moitié du 13e s., on peut proposer les dates approximatives de 1170-1230"", peut-être neveu de Pierre le Chantre. Déjà mort en 1234. Originaire de Houdenc en Bray, près de Beauvais ou de Houdan dans les Yvelines.
(DLF-MA)",[],[],[],,[],[],[],[],[],[],,"{'comment': NULL, 'value': NULL, 'start': {'earliest': 1166-01-01 00:00:00, 'latest': NULL, 'estProfile': NULL, 'estDetermination': NULL}, 'end': {'earliest': NULL, 'latest': 1233-01-01 00:00:00, 'estProfile': NULL, 'estDetermination': NULL}, 'estDetermination': NULL, 'estProfile': NULL, 'timestamp': {'in': NULL, 'type': NULL, 'circa': false}, 'estMinDate': 1166-01-01 00:00:00, 'estMaxDate': 1233-12-31 00:00:00}",,,,,[],,,,,,,,,[],,,
48694,10,,Walter d'Exeter,[],,,,[],[],[http://jonas.irht.cnrs.fr/intervenant/3462],,[],[],[],[],[],[],,,,,,,[],,,,,,,,,[],,,
48718,10,,Jean Bagnyon,[],,,"Arlima: ""Né dans le canton de Vaud en 1412 — Mort après le 6 avril 1487. Juriste et écrivain suisse""",[],[],[http://jonas.irht.cnrs.fr/intervenant/412],,[],[],[],[],[],[],,,"{'comment': NULL, 'value': 1412-01-01 00:00:00, 'start': {'earliest': NULL, 'latest': NULL, 'estProfile': NULL, 'estDetermination': NULL}, 'end': {'earliest': NULL, 'latest': NULL, 'estProfile': NULL, 'estDetermination': NULL}, 'estDetermination': NULL, 'estProfile': NULL, 'timestamp': {'in': NULL, 'type': NULL, 'circa': false}, 'estMinDate': NULL, 'estMaxDate': NULL}",,,,[],"{'comment': NULL, 'value': 1487-01-01 00:00:00, 'start': {'earliest': NULL, 'latest': NULL, 'estProfile': NULL, 'estDetermination': NULL}, 'end': {'earliest': NULL, 'latest': NULL, 'estProfile': NULL, 'estDetermination': NULL}, 'estDetermination': NULL, 'estProfile': NULL, 'timestamp': {'in': NULL, 'type': NULL, 'circa': false}, 'estMinDate': NULL, 'estMaxDate': NULL}",,,,,,,,[],,,
48725,10,,Publius Ovidius Naso,[],,,,[],[],[],,[],[],[],[],[],[],,,,,,,[],,,,,,,,,[],,,
48727,10,,Robert de Blois,[],,,"clerc de formation, trouvère, actif au milieu du 13e s., ou dans son 2e tiers (DLF-MA)",[],[],"[http://jonas.irht.cnrs.fr/intervenant/840, https://arlima.net/no/181]",,[],[],[],[],[],[],,"{'comment': NULL, 'value': NULL, 'start': {'earliest': 1241-01-01 00:00:00, 'latest': NULL, 'estProfile': NULL, 'estDetermination': NULL}, 'end': {'earliest': NULL, 'latest': 1260-01-01 00:00:00, 'estProfile': NULL, 'estDetermination': NULL}, 'estDetermination': NULL, 'estProfile': NULL, 'timestamp': {'in': NULL, 'type': NULL, 'circa': false}, 'estMinDate': 1241-01-01 00:00:00, 'estMaxDate': 1260-12-31 00:00:00}",,,,,[],,,,,,,,,[],,,
48751,10,,Gautier d'Arras,[],,,"""Actif au milieu du XIIe siècle, Écrivain français auteur de deux romans"" (Arlima). A travaillé pour Baudouin de Hainaut, Thibaut V de Blois, Marie de Champagne et Béatrix de Bourgogne (ép. de Frédéric Barberousse), DLF-MA",[],[],"[https://arlima.net/no/492, http://jonas.irht.cnrs.fr/intervenant/223]",,[],[],[],[],[],[],,,,,,,[],,,,,,,,,[],,,
48768,10,,Johannes Bramis,[],,,,[],[],[],,[],[],[],[],[],[],,,,,,,[],,,,,,,,,[],,,
