H-ID,type_id,openstemmata id,openstemmata contributor,reference_stemma,reference_stemma TRM-ID,text title freetext,text author freetext,genre,genre TRM-ID,stemmaType,stemmaType TRM-ID,drawnStemma,drawnStemma TRM-ID,contam,contam TRM-ID,extraStemmContam,extraStemmContam TRM-ID,rootType,rootType TRM-ID,completeWits,completeWits TRM-ID,sourceText,sourceText TRM-ID,derivatives,derivatives TRM-ID,note,witness H-ID,additional witness H-ID,lost document H-ID,publicationType,publicationType TRM-ID,Author,Title,pubPlace,publicationDate,Series,biblScope volume,biblscope page,stemma number,URL
829,104,LePerson_2003_Fierabras,[Jean-Baptiste Camps],,,Fierabras,,chanson de geste,9489.0,reconstructed,9494,,,unknown,9535.0,,,,,,,,,,,"Stemma de Menhert (1938), réactualisé par Le Person. Note que «le groupe alpha est à nuancer car le ms. T est aussi très proche de E». Veut-il dire qu'il y a une contamination?",[],,,book,9492,"Le Person, Marc",Fierabras: Chanson de geste du XIIe siècle,Paris,"{'comment': NULL, 'value': 2003-01-01 00:00:00, 'start': {'earliest': NULL, 'latest': NULL, 'estProfile': NULL, 'estDetermination': NULL}, 'end': {'earliest': NULL, 'latest': NULL, 'estProfile': NULL, 'estDetermination': NULL}, 'estDetermination': NULL, 'estProfile': NULL, 'timestamp': {'in': NULL, 'type': NULL, 'circa': false}, 'estMinDate': NULL, 'estMaxDate': NULL}",CFMA,142.0,81,,
830,104,Segre_1971_Roland,[Jean-Baptiste Camps],,,Chanson de Roland,,chanson de geste,9489.0,reconstructed,9494,,,,,,,archetype,9501.0,,,,,,,,[],,,book,9492,"Segre, Cesare",La Chanson de Roland,Milano/Napoli,"{'comment': NULL, 'value': 1971-01-01 00:00:00, 'start': {'earliest': NULL, 'latest': NULL, 'estProfile': NULL, 'estDetermination': NULL}, 'end': {'earliest': NULL, 'latest': NULL, 'estProfile': NULL, 'estDetermination': NULL}, 'estDetermination': NULL, 'estProfile': NULL, 'timestamp': {'in': NULL, 'type': NULL, 'circa': false}, 'estMinDate': NULL, 'estMaxDate': NULL}",Documenti di filologia,16.0,,,
831,104,Hult_2004_Charrette,[Benedetta Salvati],,,Le Conte de la Charrette,,roman en prose,9514.0,reconstructed,9494,Yes,9497.0,,,,,archetype,9501.0,,,selected,9511.0,excluded,9510.0,,[],,,publicationPart,9541,David F. Hult,“Le Conte de la Charrette”: version dérimée du “Chevalier de la Charrette” de Chrétien de Troyes,,"{'comment': NULL, 'value': 2004-01-01 00:00:00, 'start': {'earliest': NULL, 'latest': NULL, 'estProfile': NULL, 'estDetermination': NULL}, 'end': {'earliest': NULL, 'latest': NULL, 'estProfile': NULL, 'estDetermination': NULL}, 'estDetermination': NULL, 'estProfile': NULL, 'timestamp': {'in': NULL, 'type': NULL, 'circa': false}, 'estMinDate': NULL, 'estMaxDate': NULL}",Romance Philology,57.0,148,,https://www.brepolsonline.net/doi/pdf/10.1484/J.RPH.2.304526
832,104,VanEmden_1973_PyrameThisbeProse,[Jean-Baptiste Camps],,,Ovide moralisé en prose (2nde version),,narratif,9515.0,observed,9495,,,,,,,archetype,9501.0,,,,,,,,[],,,publicationPart,9541,"Van Emden, Wolfgang","L'histoire de Pyrame et Thisbê dans la mise en prose de l'Ovide moralisé : Texte du manuscrit Paris, B. N., f. fr. 137, avec variantes et commentaires",Paris,"{'comment': NULL, 'value': 1973-01-01 00:00:00, 'start': {'earliest': NULL, 'latest': NULL, 'estProfile': NULL, 'estDetermination': NULL}, 'end': {'earliest': NULL, 'latest': NULL, 'estProfile': NULL, 'estDetermination': NULL}, 'estDetermination': NULL, 'estProfile': NULL, 'timestamp': {'in': NULL, 'type': NULL, 'circa': false}, 'estMinDate': NULL, 'estMaxDate': NULL}",Romania,94.0,29-56,,https://doi.org/10.3406/roma.1973.2353
833,104,Sweetser_1964_Blancandin,[Benedetta Salvati],,,Blancandin et l’Orgueilleuse d'Amour,Anonyme,roman d’aventures,9516.0,reconstructed,9494,Yes,9497.0,,,,,original,9502.0,,,NA,9508.0,NA,9508.0,,[],,,book,9492,Franklin P. Sweetser,Blancandin et l’Orgueilleuse d'Amour: Roman d'aventure du XIIIe siècle,Genève,"{'comment': NULL, 'value': 1964-01-01 00:00:00, 'start': {'earliest': NULL, 'latest': NULL, 'estProfile': NULL, 'estDetermination': NULL}, 'end': {'earliest': NULL, 'latest': NULL, 'estProfile': NULL, 'estDetermination': NULL}, 'estDetermination': NULL, 'estProfile': NULL, 'timestamp': {'in': NULL, 'type': NULL, 'circa': false}, 'estMinDate': NULL, 'estMaxDate': NULL}",,,27,,
834,104,Bedier_1902_Tristan,[Jean-Baptiste Camps],,,Tristan,,roman arthurien en vers,9517.0,reconstructed,9494,,,,,,,archetype,9501.0,,,included,9509.0,included,9509.0,,[],,,book,9492,"Bédier, Joseph",Le roman de Tristan par Thomas,Paris,"{'comment': NULL, 'value': 1905-01-01 00:00:00, 'start': {'earliest': NULL, 'latest': NULL, 'estProfile': NULL, 'estDetermination': NULL}, 'end': {'earliest': NULL, 'latest': NULL, 'estProfile': NULL, 'estDetermination': NULL}, 'estDetermination': NULL, 'estProfile': NULL, 'timestamp': {'in': NULL, 'type': NULL, 'circa': false}, 'estMinDate': NULL, 'estMaxDate': NULL}",SATF,,309,,https://archive.org/details/leromandetristan02thomuoft/page/309
835,104,Cloetta_1911_Moniage2,[Jean-Baptiste Camps],,,Moniage Guillaume,,chanson de geste,9489.0,reconstructed,9494,,,,,,,original,9502.0,,,,,,,,[],,,book,9492,"Cloetta, Wilhelm","Les deux rédactions en vers du Moniage Guillaume, chansons de geste du XIIe siècle, publiées d’après tous les manuscrits connus",Paris,"{'comment': NULL, 'value': 1911-01-01 00:00:00, 'start': {'earliest': NULL, 'latest': NULL, 'estProfile': NULL, 'estDetermination': NULL}, 'end': {'earliest': NULL, 'latest': NULL, 'estProfile': NULL, 'estDetermination': NULL}, 'estDetermination': NULL, 'estProfile': NULL, 'timestamp': {'in': NULL, 'type': NULL, 'circa': false}, 'estMinDate': NULL, 'estMaxDate': NULL}",SATF,54.0,241,,
836,104,Zorn_1908_EnfViv,[Jean-Baptiste Camps],,,Enfances Vivien,,chanson de geste,9489.0,reconstructed,9494,,,,,,,archetype,9501.0,,,,,,,stemma p. 2 (redondances autres textes cycle Guillaume),[],,,book,9492,"Zorn, Hugo",Die Enfances Vivien. Kritischer Text mit Einleitung und Anmerkungen versehen,Leipzig,"{'comment': NULL, 'value': 1908-01-01 00:00:00, 'start': {'earliest': NULL, 'latest': NULL, 'estProfile': NULL, 'estDetermination': NULL}, 'end': {'earliest': NULL, 'latest': NULL, 'estProfile': NULL, 'estDetermination': NULL}, 'estDetermination': NULL, 'estProfile': NULL, 'timestamp': {'in': NULL, 'type': NULL, 'circa': false}, 'estMinDate': NULL, 'estMaxDate': NULL}",,,2,,https://archive.org/stream/EnfancesVivienZorn/Die_Enfances_Vivien#page/n9
837,104,Bogdanow_1991_MortArtuPV,[Jean-Baptiste Camps],,,Mort Artu (Post-Vulgate),,roman arthurien en prose,9512.0,reconstructed,9494,,,,,,,original,9502.0,,,,,,,,[],,,book,9492,"Bogdanow, Fanni",La Version Post-Vulgate de la Queste del Saint Graal et de la Mort Artu,Paris,"{'comment': NULL, 'value': 1991-01-01 00:00:00, 'start': {'earliest': NULL, 'latest': NULL, 'estProfile': NULL, 'estDetermination': NULL}, 'end': {'earliest': NULL, 'latest': NULL, 'estProfile': NULL, 'estDetermination': NULL}, 'estDetermination': NULL, 'estProfile': NULL, 'timestamp': {'in': NULL, 'type': NULL, 'circa': false}, 'estMinDate': NULL, 'estMaxDate': NULL}",SATF,101.0,445,,
838,104,Bogdanow_1991_QuestePV,[Jean-Baptiste Camps],,,Queste del Saint Graal (version Post-Vulgate),,roman arthurien en prose,9512.0,reconstructed,9494,,,,,,,original,9502.0,,,,,,,,[],,,book,9492,"Bogdanow, Fanni",La Version Post-Vulgate de la Queste del Saint Graal et de la Mort Artu,Paris,"{'comment': NULL, 'value': 1991-01-01 00:00:00, 'start': {'earliest': NULL, 'latest': NULL, 'estProfile': NULL, 'estDetermination': NULL}, 'end': {'earliest': NULL, 'latest': NULL, 'estProfile': NULL, 'estDetermination': NULL}, 'estDetermination': NULL, 'estProfile': NULL, 'timestamp': {'in': NULL, 'type': NULL, 'circa': false}, 'estMinDate': NULL, 'estMaxDate': NULL}",SATF,101.0,292,,
839,104,Lepage_1979_FormationAdam,[Jean-Baptiste Camps],,,Récit apocryphe de la formation d'Adam,,biblique,9518.0,reconstructed,9494,,,,,,,original,9502.0,,,,,,,Dashed lines on the stemma indicate a single common innovation between two different pairs of manuscript. Not recorded in the DOT file for now.,[],,,publicationPart,9541,"Lepage, Yvan G.",Les versions françaises médiévales du récit apocryphe de la formation d'Adam,Paris,"{'comment': NULL, 'value': 1979-01-01 00:00:00, 'start': {'earliest': NULL, 'latest': NULL, 'estProfile': NULL, 'estDetermination': NULL}, 'end': {'earliest': NULL, 'latest': NULL, 'estProfile': NULL, 'estDetermination': NULL}, 'estDetermination': NULL, 'estProfile': NULL, 'timestamp': {'in': NULL, 'type': NULL, 'circa': false}, 'estMinDate': NULL, 'estMaxDate': NULL}",Romania,100.0,145-164,,https://doi.org/10.3406/roma.1979.1969
840,104,Korte_1914_RenMont2,[Jean-Baptiste Camps],,,Renaut de Montauban,Anonymous,chanson de geste,9489.0,reconstructed,9494,Yes,9497.0,,,,,unspecified,9500.0,,,NA,9508.0,excluded,9510.0,,[],,,book,9492,"Korte, Erich",Zum Handschriftenverhältnis der chanson de Renaut de Montauban,Greifswald,"{'comment': NULL, 'value': 1914-01-01 00:00:00, 'start': {'earliest': NULL, 'latest': NULL, 'estProfile': NULL, 'estDetermination': NULL}, 'end': {'earliest': NULL, 'latest': NULL, 'estProfile': NULL, 'estDetermination': NULL}, 'estDetermination': NULL, 'estProfile': NULL, 'timestamp': {'in': NULL, 'type': NULL, 'circa': false}, 'estMinDate': NULL, 'estMaxDate': NULL}",,,33,,https://archive.org/details/KorteZumHandschriftenverhaltnis/page/n33
841,104,Masami_2005_Miracles2,[Jean-Baptiste Camps],,,Miracles Nostre Dame,Gautier de Coinci,Miracles+lyrique,9519.0,reconstructed,9494,,,,,,,unspecified,9500.0,,,,,,,,[],,,publicationPart,9541,"Masami, Okubo",La formation de la collection des Miracles de Gautier de Coinci (première partie),Paris,"{'comment': NULL, 'value': 2005-01-01 00:00:00, 'start': {'earliest': NULL, 'latest': NULL, 'estProfile': NULL, 'estDetermination': NULL}, 'end': {'earliest': NULL, 'latest': NULL, 'estProfile': NULL, 'estDetermination': NULL}, 'estDetermination': NULL, 'estProfile': NULL, 'timestamp': {'in': NULL, 'type': NULL, 'circa': false}, 'estMinDate': NULL, 'estMaxDate': NULL}",Romania,123.0,141-212,,https://doi.org/10.3406/roma.2005.1351
842,104,Masami_2005_Miracles1,[Jean-Baptiste Camps],,,Miracles Nostre Dame,Gautier de Coinci,Miracles+lyrique,9519.0,reconstructed,9494,,,,,,,unspecified,9500.0,,,,,,,,[],,,publicationPart,9541,"Masami, Okubo",La formation de la collection des Miracles de Gautier de Coinci (première partie),Paris,"{'comment': NULL, 'value': 2005-01-01 00:00:00, 'start': {'earliest': NULL, 'latest': NULL, 'estProfile': NULL, 'estDetermination': NULL}, 'end': {'earliest': NULL, 'latest': NULL, 'estProfile': NULL, 'estDetermination': NULL}, 'estDetermination': NULL, 'estProfile': NULL, 'timestamp': {'in': NULL, 'type': NULL, 'circa': false}, 'estMinDate': NULL, 'estMaxDate': NULL}",Romania,123.0,141-212,,https://doi.org/10.3406/roma.2005.1351
843,104,Cloetta_1911_Moniage1,[Jean-Baptiste Camps],,,Moniage Guillaume,,chanson de geste,9489.0,reconstructed,9494,,,,,,,original,9502.0,,,,,,,,[],,,book,9492,"Cloetta, Wilhelm","Les deux rédactions en vers du Moniage Guillaume, chansons de geste du XIIe siècle, publiées d’après tous les manuscrits connus",Paris,"{'comment': NULL, 'value': 1911-01-01 00:00:00, 'start': {'earliest': NULL, 'latest': NULL, 'estProfile': NULL, 'estDetermination': NULL}, 'end': {'earliest': NULL, 'latest': NULL, 'estProfile': NULL, 'estDetermination': NULL}, 'estDetermination': NULL, 'estProfile': NULL, 'timestamp': {'in': NULL, 'type': NULL, 'circa': false}, 'estMinDate': NULL, 'estMaxDate': NULL}",SATF,54.0,203,,
844,104,Resconi_2014_ChansonniersFr,[Jean-Baptiste Camps],,,Chansonniers des trouvères,,lyrique,9520.0,reconstructed,9494,,,,,,,archetype,9501.0,,,,,,,,[],,,publicationPart,9541,"Resconi, S.",Le seriazioni nel processo di formazione dei canzonieri francesi: alcuni aspetti significativi.,,"{'comment': NULL, 'value': 2014-01-01 00:00:00, 'start': {'earliest': NULL, 'latest': NULL, 'estProfile': NULL, 'estDetermination': NULL}, 'end': {'earliest': NULL, 'latest': NULL, 'estProfile': NULL, 'estDetermination': NULL}, 'estDetermination': NULL, 'estProfile': NULL, 'timestamp': {'in': NULL, 'type': NULL, 'circa': false}, 'estMinDate': NULL, 'estMaxDate': NULL}",Carte romanze,2.0,384,,https://air.unimi.it/retrieve/handle/2434/237918/319349/Resconi%202014%204250-15211-1-PB.pdf
845,104,Wallensk%C3%B6ld_1891_CononBethune-Chansons1,[Jean-Baptiste Camps],,,Chansons,Conon de Béthune,lyrique,9520.0,reconstructed,9494,,,,,,,archetype,9501.0,,,,,,,,[],,,book,9492,"Wallensköld, Axel",Les chansons de Conon de Béthune,Paris,"{'comment': NULL, 'value': 1891-01-01 00:00:00, 'start': {'earliest': NULL, 'latest': NULL, 'estProfile': NULL, 'estDetermination': NULL}, 'end': {'earliest': NULL, 'latest': NULL, 'estProfile': NULL, 'estDetermination': NULL}, 'estDetermination': NULL, 'estProfile': NULL, 'timestamp': {'in': NULL, 'type': NULL, 'circa': false}, 'estMinDate': NULL, 'estMaxDate': NULL}",CFMA,24.0,xx,,https://gallica.bnf.fr/ark:/12148/bpt6k977f/f22.item.texteImage#
846,104,LeonardiTrachsler_2015_GuironCourtois2,[Jean-Baptiste Camps],,,Guiron le Courtois,,roman arthurien en prose,9512.0,reconstructed,9494,,,,,,,archetype,9501.0,,,,,,,,[],,,publicationPart,9541,"Trachsler, Richard Leonardi, Lino",L’édition critique des romans en prose : le cas de Guiron le Courtois,,"{'comment': NULL, 'value': 2015-01-01 00:00:00, 'start': {'earliest': NULL, 'latest': NULL, 'estProfile': NULL, 'estDetermination': NULL}, 'end': {'earliest': NULL, 'latest': NULL, 'estProfile': NULL, 'estDetermination': NULL}, 'estDetermination': NULL, 'estProfile': NULL, 'timestamp': {'in': NULL, 'type': NULL, 'circa': false}, 'estMinDate': NULL, 'estMaxDate': NULL}",Manuel de la philologie de l’édition,,62,,
847,104,Korte_1914_RenMont3,[Jean-Baptiste Camps],,,Renaut de Montauban,Anonymous,chanson de geste,9489.0,reconstructed,9494,Yes,9497.0,,,,,unspecified,9500.0,,,NA,9508.0,excluded,9510.0,,[],,,book,9492,"Korte, Erich",Zum Handschriftenverhältnis der chanson de Renaut de Montauban,Greifswald,"{'comment': NULL, 'value': 1914-01-01 00:00:00, 'start': {'earliest': NULL, 'latest': NULL, 'estProfile': NULL, 'estDetermination': NULL}, 'end': {'earliest': NULL, 'latest': NULL, 'estProfile': NULL, 'estDetermination': NULL}, 'estDetermination': NULL, 'estProfile': NULL, 'timestamp': {'in': NULL, 'type': NULL, 'circa': false}, 'estMinDate': NULL, 'estMaxDate': NULL}",,,44,,https://archive.org/details/KorteZumHandschriftenverhaltnis/page/n44
848,104,Bogdanow_1991_QuesteTr,[Jean-Baptiste Camps],,,Queste del Saint Graal (version Post-Vulgate),,roman arthurien en prose,9512.0,reconstructed,9494,,,,,,,original,9502.0,,,,,,,,[],,,book,9492,"Bogdanow, Fanni",La Version Post-Vulgate de la Queste del Saint Graal et de la Mort Artu,Paris,"{'comment': NULL, 'value': 1991-01-01 00:00:00, 'start': {'earliest': NULL, 'latest': NULL, 'estProfile': NULL, 'estDetermination': NULL}, 'end': {'earliest': NULL, 'latest': NULL, 'estProfile': NULL, 'estDetermination': NULL}, 'estDetermination': NULL, 'estProfile': NULL, 'timestamp': {'in': NULL, 'type': NULL, 'circa': false}, 'estMinDate': NULL, 'estMaxDate': NULL}",SATF,101.0,415,,
849,104,VanEmden_1977_GirViane,[Jean-Baptiste Camps],,,Girart de Vienne,Bertrant de Bar-sur-Aube,chanson de geste,9489.0,reconstructed,9494,,,,,,,original,9502.0,,,,,,,"plusieurs stemmata, car S change de famille pour le début et la fin du texte",[],,,book,9492,"Van Emden, Wolfgang",Girart de Vienne par Bertrand de Bar-sur-Aube,Paris,"{'comment': NULL, 'value': 1977-01-01 00:00:00, 'start': {'earliest': NULL, 'latest': NULL, 'estProfile': NULL, 'estDetermination': NULL}, 'end': {'earliest': NULL, 'latest': NULL, 'estProfile': NULL, 'estDetermination': NULL}, 'estDetermination': NULL, 'estProfile': NULL, 'timestamp': {'in': NULL, 'type': NULL, 'circa': false}, 'estMinDate': NULL, 'estMaxDate': NULL}",SATF,94.0,LXIII,,
850,104,Langlois_1888_CourLouis,[Jean-Baptiste Camps],,,Couronnement de Louis,,chanson de geste,9489.0,reconstructed,9494,,,,,,,original,9502.0,,,,,,,,[],,,book,9492,"Langlois, Ernest","Le Couronnement de Louis, chanson de geste, publiée d’après tous les manuscrits connus",Paris,"{'comment': NULL, 'value': 1888-01-01 00:00:00, 'start': {'earliest': NULL, 'latest': NULL, 'estProfile': NULL, 'estDetermination': NULL}, 'end': {'earliest': NULL, 'latest': NULL, 'estProfile': NULL, 'estDetermination': NULL}, 'estDetermination': NULL, 'estProfile': NULL, 'timestamp': {'in': NULL, 'type': NULL, 'circa': false}, 'estMinDate': NULL, 'estMaxDate': NULL}",SATF,25.0,CXXVIII,,https://gallica.bnf.fr/ark:/12148/bpt6k9762011k/f146
851,104,Masami_2005_Miracles3,[Jean-Baptiste Camps],,,Miracles Nostre Dame,Gautier de Coinci,Miracles+lyrique,9519.0,reconstructed,9494,,,,,,,unspecified,9500.0,,,,,,,,[],,,publicationPart,9541,"Masami, Okubo",La formation de la collection des Miracles de Gautier de Coinci (première partie),Paris,"{'comment': NULL, 'value': 2005-01-01 00:00:00, 'start': {'earliest': NULL, 'latest': NULL, 'estProfile': NULL, 'estDetermination': NULL}, 'end': {'earliest': NULL, 'latest': NULL, 'estProfile': NULL, 'estDetermination': NULL}, 'estDetermination': NULL, 'estProfile': NULL, 'timestamp': {'in': NULL, 'type': NULL, 'circa': false}, 'estMinDate': NULL, 'estMaxDate': NULL}",Romania,123.0,141-212,,https://doi.org/10.3406/roma.2005.1351
852,104,Warnke_1898_Isopet,[Simon Gabays],,,Les fables de Marie de France,Marie de France,Fable,9521.0,reconstructed,9494,,,,,,,original,9502.0,,,,,,,,[],,,book,9492,"Warnke, Karl",Die Fabeln der Marie de France,Halle,"{'comment': NULL, 'value': 1898-01-01 00:00:00, 'start': {'earliest': NULL, 'latest': NULL, 'estProfile': NULL, 'estDetermination': NULL}, 'end': {'earliest': NULL, 'latest': NULL, 'estProfile': NULL, 'estDetermination': NULL}, 'estDetermination': NULL, 'estProfile': NULL, 'timestamp': {'in': NULL, 'type': NULL, 'circa': false}, 'estMinDate': NULL, 'estMaxDate': NULL}",Bibliotheca normannica,6.0,,,
853,104,Combes_2009_Conte,[Simon Gabay],,,Conte de la Charrette,,Conte,9522.0,reconstructed,9494,,,,,,,original,9502.0,,,,,,,Doubts about date/location,[],,,book,9492,"Combes, Annie",Le Conte de la Charrette dans le Lancelot en prose: une version divergente de la vulgate,Paris,"{'comment': NULL, 'value': 2009-01-01 00:00:00, 'start': {'earliest': NULL, 'latest': NULL, 'estProfile': NULL, 'estDetermination': NULL}, 'end': {'earliest': NULL, 'latest': NULL, 'estProfile': NULL, 'estDetermination': NULL}, 'estDetermination': NULL, 'estProfile': NULL, 'timestamp': {'in': NULL, 'type': NULL, 'circa': false}, 'estMinDate': NULL, 'estMaxDate': NULL}",Classiques français du Moyen âge,158.0,63,,
854,104,Rolin_1897_Aliscans1-Guillaume,[Jean-Baptiste Camps],,,"Aliscans, 1re partie (Guillaume)",,chanson de geste,9489.0,reconstructed,9494,,,,,,,,,,,,,,,,[],,,book,9492,"Rolin, Gustav",Aliscans mit Berücksichtigung von Wolframs von Eschenbach Willehalm kritisch herausgegeben,Leipzig,"{'comment': NULL, 'value': 1897-01-01 00:00:00, 'start': {'earliest': NULL, 'latest': NULL, 'estProfile': NULL, 'estDetermination': NULL}, 'end': {'earliest': NULL, 'latest': NULL, 'estProfile': NULL, 'estDetermination': NULL}, 'estDetermination': NULL, 'estProfile': NULL, 'timestamp': {'in': NULL, 'type': NULL, 'circa': false}, 'estMinDate': NULL, 'estMaxDate': NULL}",Altfranzösische Bibliothek,15.0,LXIII,,https://archive.org/stream/AliscansRolin1897/Aliscans_Rolin_1897#page/n69
855,104,Wallensk%C3%B6ld_1891_CononBethune-Chansons2,[Jean-Baptiste Camps],,,Chansons,Conon de Béthune,lyrique,9520.0,reconstructed,9494,,,,,,,archetype,9501.0,,,,,,,,[],,,book,9492,"Wallensköld, Axel",Les chansons de Conon de Béthune,Paris,"{'comment': NULL, 'value': 1891-01-01 00:00:00, 'start': {'earliest': NULL, 'latest': NULL, 'estProfile': NULL, 'estDetermination': NULL}, 'end': {'earliest': NULL, 'latest': NULL, 'estProfile': NULL, 'estDetermination': NULL}, 'estDetermination': NULL, 'estProfile': NULL, 'timestamp': {'in': NULL, 'type': NULL, 'circa': false}, 'estMinDate': NULL, 'estMaxDate': NULL}",CFMA,24.0,xx,,https://gallica.bnf.fr/ark:/12148/bpt6k977f/f22
856,104,Wallensk%C3%B6ld_1909_Florence,[Jean-Baptiste Camps],,,Florence de Rome,,chanson de geste,9489.0,reconstructed,9494,,,,,,,original,9502.0,,,,,,,"Many stemmata, representing differents steps of the work on the genealogy, and competing hypotheses. Only the last one, retained here, is the final stemma retained by the editor.",[],,,book,9492,"Wallensköld, A.","Florence de Rome, chanson d’aventure du premier quart du XIIIe siècle",Paris,"{'comment': NULL, 'value': 1909-01-01 00:00:00, 'start': {'earliest': NULL, 'latest': NULL, 'estProfile': NULL, 'estDetermination': NULL}, 'end': {'earliest': NULL, 'latest': NULL, 'estProfile': NULL, 'estDetermination': NULL}, 'estDetermination': NULL, 'estProfile': NULL, 'timestamp': {'in': NULL, 'type': NULL, 'circa': false}, 'estMinDate': NULL, 'estMaxDate': NULL}",SATF,55.0,26,,https://archive.org/details/florencederome01wall/page/26
857,104,Leonardi_2003_MortArtu,[Jean-Baptiste Camps],,,Mort le roi Artu,,roman arthurien en prose,9512.0,reconstructed,9494,,,,,,,archetype,9501.0,,,,,,,,[],,,publicationPart,9541,"Leonardi, Lino",Le texte critique de la Mort le roi Artu. Question ouverte,Paris,"{'comment': NULL, 'value': 2003-01-01 00:00:00, 'start': {'earliest': NULL, 'latest': NULL, 'estProfile': NULL, 'estDetermination': NULL}, 'end': {'earliest': NULL, 'latest': NULL, 'estProfile': NULL, 'estDetermination': NULL}, 'estDetermination': NULL, 'estProfile': NULL, 'timestamp': {'in': NULL, 'type': NULL, 'circa': false}, 'estMinDate': NULL, 'estMaxDate': NULL}",Romania,121.0,,,https://doi.org/10.3406/roma.2003.1287
858,104,LeonardiTrachsler_2015_GuironCourtois1,[Jean-Baptiste Camps],,,Guiron le Courtois,,roman arthurien en prose,9512.0,reconstructed,9494,,,,,,,archetype,9501.0,,,,,,,"This is the stemma for part 1 of the Roman de Guiron, with a few more manuscripts than in Lagomarsini 2018 (though the date is anterior?)",[],,,publicationPart,9541,"Trachsler, Richard Leonardi, Lino",L’édition critique des romans en prose : le cas de Guiron le Courtois,,"{'comment': NULL, 'value': 2015-01-01 00:00:00, 'start': {'earliest': NULL, 'latest': NULL, 'estProfile': NULL, 'estDetermination': NULL}, 'end': {'earliest': NULL, 'latest': NULL, 'estProfile': NULL, 'estDetermination': NULL}, 'estDetermination': NULL, 'estProfile': NULL, 'timestamp': {'in': NULL, 'type': NULL, 'circa': false}, 'estMinDate': NULL, 'estMaxDate': NULL}",Manuel de la philologie de l’édition,,62,,
859,104,Zufferey_2010_Alexis,[Jean-Baptiste Camps],,,Vie de saint Alexis,,hagiographie,9523.0,reconstructed,9494,,,,,,,original,9502.0,,,,,,,,[],,,publicationPart,9541,"Zufferey, François",Archéologie alexienne : le scriptorium de Saint Albans [Vie de saint Alexis],Paris,"{'comment': NULL, 'value': 2010-01-01 00:00:00, 'start': {'earliest': NULL, 'latest': NULL, 'estProfile': NULL, 'estDetermination': NULL}, 'end': {'earliest': NULL, 'latest': NULL, 'estProfile': NULL, 'estDetermination': NULL}, 'estDetermination': NULL, 'estProfile': NULL, 'timestamp': {'in': NULL, 'type': NULL, 'circa': false}, 'estMinDate': NULL, 'estMaxDate': NULL}",Romania,128.0,1-28 (19),,https://doi.org/10.3406/roma.2010.7270
860,104,Korte_1914_RenMont1,[Jean-Baptiste Camps],,,Renaut de Montauban,Anonymous,chanson de geste,9489.0,reconstructed,9494,Yes,9497.0,,,,,unspecified,9500.0,,,NA,9508.0,excluded,9510.0,,[],,,book,9492,"Korte, Erich",Zum Handschriftenverhältnis der chanson de Renaut de Montauban,Greifswald,"{'comment': NULL, 'value': 1914-01-01 00:00:00, 'start': {'earliest': NULL, 'latest': NULL, 'estProfile': NULL, 'estDetermination': NULL}, 'end': {'earliest': NULL, 'latest': NULL, 'estProfile': NULL, 'estDetermination': NULL}, 'estDetermination': NULL, 'estProfile': NULL, 'timestamp': {'in': NULL, 'type': NULL, 'circa': false}, 'estMinDate': NULL, 'estMaxDate': NULL}",,,18,,https://archive.org/details/KorteZumHandschriftenverhaltnis/page/n18
861,104,Eusebi_1963_ChevOgierDanemarche,[Jean-Baptiste Camps],,,Chevalerie d’Ogier de Danemarche,Raimbert de Paris,chanson de geste,9489.0,reconstructed,9494,Yes,9497.0,,,,,original,9502.0,,,NA,9508.0,NA,9508.0,"All known witnesses except the fragment Saint-Étienne, Médiathèque Marc-Ferro, MS 5, olim D3 502",[],,,book,9492,"Eusebi, Mario","La chevalerie d’Ogier de Danemarche, canzone di gesta",Milano,"{'comment': NULL, 'value': 1963-01-01 00:00:00, 'start': {'earliest': NULL, 'latest': NULL, 'estProfile': NULL, 'estDetermination': NULL}, 'end': {'earliest': NULL, 'latest': NULL, 'estProfile': NULL, 'estDetermination': NULL}, 'estDetermination': NULL, 'estProfile': NULL, 'timestamp': {'in': NULL, 'type': NULL, 'circa': false}, 'estMinDate': NULL, 'estMaxDate': NULL}",Testi e documenti di letteratura moderna,6.0,,,
862,104,Rolin_1897_Aliscans2-Rainouart,[Jean-Baptiste Camps],,,"Aliscans, 2e partie (Rainouart)",,chanson de geste,9489.0,reconstructed,9494,,,,,,,original,9502.0,,,,,,,,[],,,book,9492,"Rolin, Gustav",Aliscans mit Berücksichtigung von Wolframs von Eschenbach Willehalm kritisch herausgegeben,Leipzig,"{'comment': NULL, 'value': 1897-01-01 00:00:00, 'start': {'earliest': NULL, 'latest': NULL, 'estProfile': NULL, 'estDetermination': NULL}, 'end': {'earliest': NULL, 'latest': NULL, 'estProfile': NULL, 'estDetermination': NULL}, 'estDetermination': NULL, 'estProfile': NULL, 'timestamp': {'in': NULL, 'type': NULL, 'circa': false}, 'estMinDate': NULL, 'estMaxDate': NULL}",Altfranzösische Bibliothek,15.0,LXIV,,https://archive.org/stream/AliscansRolin1897/Aliscans_Rolin_1897#page/n71
863,104,Bedier_1928_lai,[Simon Gabay],,,Lai de l’Ombre,Jean Renart,Lai,9524.0,reconstructed,9494,,,,,,,unspecified,9500.0,,,,,,,,[],,,book,9492,"Bédier, Joseph",La tradition manuscrite du Lai de l’Ombre. Réflexions sur l'art d'éditer les anciens textes (premier article),Paris,"{'comment': NULL, 'value': 1928-01-01 00:00:00, 'start': {'earliest': NULL, 'latest': NULL, 'estProfile': NULL, 'estDetermination': NULL}, 'end': {'earliest': NULL, 'latest': NULL, 'estProfile': NULL, 'estDetermination': NULL}, 'estDetermination': NULL, 'estProfile': NULL, 'timestamp': {'in': NULL, 'type': NULL, 'circa': false}, 'estMinDate': NULL, 'estMaxDate': NULL}",Romania,214.0,166,,https://www.persee.fr/doc/roma_0035-8029_1928_num_54_214_4345
864,104,Demaison_1887_Aimeri,[Jean-Baptiste Camps],,,Aimeri de Narbonne,,chanson de geste,9489.0,reconstructed,9494,,,,,,,,,,,,,,,"la contamination n’est pas notée sur le stemma, mais indiquée dans le texte: le copiste de A1 aurait utilisé un manuscrit de la famille de C pour les 500 premiers vers du texte.",[],,,book,9492,"Demaison, Louis","Aymeri de Narbonne, chanson de geste, publiée d’après les manuscrits de Londres et de Paris",Paris,"{'comment': NULL, 'value': 1887-01-01 00:00:00, 'start': {'earliest': NULL, 'latest': NULL, 'estProfile': NULL, 'estDetermination': NULL}, 'end': {'earliest': NULL, 'latest': NULL, 'estProfile': NULL, 'estDetermination': NULL}, 'estDetermination': NULL, 'estProfile': NULL, 'timestamp': {'in': NULL, 'type': NULL, 'circa': false}, 'estMinDate': NULL, 'estMaxDate': NULL}",SATF,24.0,LX,,
865,104,Baker_2010_BestBeauvais,[Simon Gabay],,,Le Bestiaire,Pierre de Beauvais,Bestiaire,9525.0,reconstructed,9494,,,No,9498.0,No,9498.0,original,9502.0,,,,,,,,[],,,book,9492,"Baker, Craig",Le Bestiaire (Version longue),Paris,"{'comment': NULL, 'value': 2010-01-01 00:00:00, 'start': {'earliest': NULL, 'latest': NULL, 'estProfile': NULL, 'estDetermination': NULL}, 'end': {'earliest': NULL, 'latest': NULL, 'estProfile': NULL, 'estDetermination': NULL}, 'estDetermination': NULL, 'estProfile': NULL, 'timestamp': {'in': NULL, 'type': NULL, 'circa': false}, 'estMinDate': NULL, 'estMaxDate': NULL}",Classiques français du Moyen Âge,163.0,92,,
866,104,Henry_1935_EnfGuill,[Jean-Baptiste Camps],,,Enfances Guillaume,,chanson de geste,9489.0,reconstructed,9494,,,,,,,unspecified,9500.0,,,,,,,,[],,,book,9492,"Henry, Patrice","Les Enfances Guillaume, chanson de geste du XIIIe siècle",Paris,"{'comment': NULL, 'value': 1935-01-01 00:00:00, 'start': {'earliest': NULL, 'latest': NULL, 'estProfile': NULL, 'estDetermination': NULL}, 'end': {'earliest': NULL, 'latest': NULL, 'estProfile': NULL, 'estDetermination': NULL}, 'estDetermination': NULL, 'estProfile': NULL, 'timestamp': {'in': NULL, 'type': NULL, 'circa': false}, 'estMinDate': NULL, 'estMaxDate': NULL}",SATF,82.0,XIX,,
867,104,Brucker_1994_Policratique,[Simon Gabays],,,Policraticus (fro),"Foulchat, Denis",Encyclopédie,9526.0,reconstructed,9494,,,,,,,original,9502.0,,,,,,,,[],,,book,9492,"Brucker, Charles",Le Policratique de Jean de Salisbury,"Genève, Droz","{'comment': NULL, 'value': 1994-01-01 00:00:00, 'start': {'earliest': NULL, 'latest': NULL, 'estProfile': NULL, 'estDetermination': NULL}, 'end': {'earliest': NULL, 'latest': NULL, 'estProfile': NULL, 'estDetermination': NULL}, 'estDetermination': NULL, 'estProfile': NULL, 'timestamp': {'in': NULL, 'type': NULL, 'circa': false}, 'estMinDate': NULL, 'estMaxDate': NULL}",Publications romanes et frannçaises,209.0,,,
868,104,Lagomarsini_2018_GuironCourtois2,[Jean-Baptiste Camps],,,Guiron le courtois,,roman arthurien en prose,9512.0,reconstructed,9494,,,,,unknown,9535.0,archetype,9501.0,,,,,,,,[],,,publicationPart,9541,"Lagomarsini, C.",Pour l'édition du `Roman de Guiron'. Classement des manuscrits,Paris,"{'comment': NULL, 'value': 2018-01-01 00:00:00, 'start': {'earliest': NULL, 'latest': NULL, 'estProfile': NULL, 'estDetermination': NULL}, 'end': {'earliest': NULL, 'latest': NULL, 'estProfile': NULL, 'estDetermination': NULL}, 'estDetermination': NULL, 'estProfile': NULL, 'timestamp': {'in': NULL, 'type': NULL, 'circa': false}, 'estMinDate': NULL, 'estMaxDate': NULL}","Le Cycle de Guiron le Courtois: prolégomènes à l'édition intégrale du corpus, sous la dir. de Lino Leonardi et R. Trachsler",,249-430,,
869,104,Ruelle_1960_HuonBordeaux,[Jean-Baptiste Camps],,,Huon de Bordeaux,,chanson de geste,9489.0,reconstructed,9494,,,,,,,unspecified,9500.0,,,,,,,"Decasyllabic version (also exists a version in alexandrins, and one in prose, that could be included in the stemma). At least one witness (b) is omitted.",[],,,book,9492,"Ruelle, Pierre",Huon de Bordeaux,Bruxelles,"{'comment': NULL, 'value': 1960-01-01 00:00:00, 'start': {'earliest': NULL, 'latest': NULL, 'estProfile': NULL, 'estDetermination': NULL}, 'end': {'earliest': NULL, 'latest': NULL, 'estProfile': NULL, 'estDetermination': NULL}, 'estDetermination': NULL, 'estProfile': NULL, 'timestamp': {'in': NULL, 'type': NULL, 'circa': false}, 'estMinDate': NULL, 'estMaxDate': NULL}",Travaux de la faculté de philosophie et lettres,20.0,15,,
870,104,Bogdanow_1960_SuiteMerlin,[Jean-Baptiste Camps],,,Suite du Merlin,,roman arthurien en prose,9512.0,reconstructed,9494,,,,,,,archetype,9501.0,,,,,,,,[],,,publicationPart,9541,"Bogdanow, Fanni",Essai de classement des manuscrits de la Suite du Merlin,Paris,"{'comment': NULL, 'value': 1960-01-01 00:00:00, 'start': {'earliest': NULL, 'latest': NULL, 'estProfile': NULL, 'estDetermination': NULL}, 'end': {'earliest': NULL, 'latest': NULL, 'estProfile': NULL, 'estDetermination': NULL}, 'estDetermination': NULL, 'estProfile': NULL, 'timestamp': {'in': NULL, 'type': NULL, 'circa': false}, 'estMinDate': NULL, 'estMaxDate': NULL}",Romania,81.0,188-198,,https://doi.org/10.3406/roma.1960.3217
871,104,Melander_1922_GuibAndr,[Jean-Baptiste Camps],,,Guibert d'Andrenas,,chanson de geste,9489.0,reconstructed,9494,,,,,,,archetype,9501.0,,,,,,,,[],,,book,9492,"Melander, J.","Guibert d'Andrenas, chanson de geste, publiée pour la première fois",Paris,"{'comment': NULL, 'value': 1922-01-01 00:00:00, 'start': {'earliest': NULL, 'latest': NULL, 'estProfile': NULL, 'estDetermination': NULL}, 'end': {'earliest': NULL, 'latest': NULL, 'estProfile': NULL, 'estDetermination': NULL}, 'estDetermination': NULL, 'estProfile': NULL, 'timestamp': {'in': NULL, 'type': NULL, 'circa': false}, 'estMinDate': NULL, 'estMaxDate': NULL}",Champion,,XXXIII,,https://archive.org/details/guibertdandrenas00melauoft/page/xxxiii/
872,104,Salverda_1888_Eneas,[Jean-Baptiste Camps],,,Roman d’Énéas,,roman antique en vers,9528.0,reconstructed,9494,,,,,,,archetype,9501.0,,,,,,,,[],,,book,9492,"Salverda de Grave, Jean Jacques",Introduction à une édition critique du Roman d’Énéas,Den Haag,"{'comment': NULL, 'value': 1888-01-01 00:00:00, 'start': {'earliest': NULL, 'latest': NULL, 'estProfile': NULL, 'estDetermination': NULL}, 'end': {'earliest': NULL, 'latest': NULL, 'estProfile': NULL, 'estDetermination': NULL}, 'estDetermination': NULL, 'estProfile': NULL, 'timestamp': {'in': NULL, 'type': NULL, 'circa': false}, 'estMinDate': NULL, 'estMaxDate': NULL}",,,25,,
873,104,Herbin_2018b_Anseys,[Simon Gabay],,,Anseÿs de Gascogne,Anonymous,chanson de geste,9489.0,reconstructed,9494,,,,,,,original,9502.0,,,,,,,Two alternative stemmata proposed.,[],,,book,9492,"Triaud, Annie Herbin, Jean-Charles",Anseÿs de Gascogne,Paris,"{'comment': NULL, 'value': 2018-01-01 00:00:00, 'start': {'earliest': NULL, 'latest': NULL, 'estProfile': NULL, 'estDetermination': NULL}, 'end': {'earliest': NULL, 'latest': NULL, 'estProfile': NULL, 'estDetermination': NULL}, 'estDetermination': NULL, 'estProfile': NULL, 'timestamp': {'in': NULL, 'type': NULL, 'circa': false}, 'estMinDate': NULL, 'estMaxDate': NULL}",Classiques français du Moyen Âge,184.0,LVIII,,
874,104,Ponceau_1997c_SaintGraal,"[Simon Gabay, Jean-Baptiste Camps]",,,L’Estoire del Saint Graal,Anonymous,roman,9529.0,reconstructed,9494,,,,,,,unspecified,9500.0,,,,,,,,[],,,book,9492,"Ponceau, Jean-Paul",L’Estoire del Saint Graal,Paris,"{'comment': NULL, 'value': 1997-01-01 00:00:00, 'start': {'earliest': NULL, 'latest': NULL, 'estProfile': NULL, 'estDetermination': NULL}, 'end': {'earliest': NULL, 'latest': NULL, 'estProfile': NULL, 'estDetermination': NULL}, 'estDetermination': NULL, 'estProfile': NULL, 'timestamp': {'in': NULL, 'type': NULL, 'circa': false}, 'estMinDate': NULL, 'estMaxDate': NULL}",Classiques français du Moyen Âge,120.0,xxix,,
875,104,Korte_1914_RenMont4,[Jean-Baptiste Camps],,,Renaut de Montauban,Anonymous,chanson de geste,9489.0,reconstructed,9494,Yes,9497.0,,,,,unspecified,9500.0,,,NA,9508.0,excluded,9510.0,,[],,,book,9492,"Korte, Erich",Zum Handschriftenverhältnis der chanson de Renaut de Montauban,Greifswald,"{'comment': NULL, 'value': 1914-01-01 00:00:00, 'start': {'earliest': NULL, 'latest': NULL, 'estProfile': NULL, 'estDetermination': NULL}, 'end': {'earliest': NULL, 'latest': NULL, 'estProfile': NULL, 'estDetermination': NULL}, 'estDetermination': NULL, 'estProfile': NULL, 'timestamp': {'in': NULL, 'type': NULL, 'circa': false}, 'estMinDate': NULL, 'estMaxDate': NULL}",,,45,,https://archive.org/details/KorteZumHandschriftenverhaltnis/page/n45
876,104,Zufferey_2007_Alexis,[Simon Gabays],,,Vie de saint Alexis,Anonymous,Vie,9530.0,reconstructed,9494,,,,,,,unspecified,9500.0,,,,,,,,[],,,book,9492,"Zufferey, François",La Tradition manuscrite du Saint Alexis primitif,Paris,"{'comment': NULL, 'value': 2007-01-01 00:00:00, 'start': {'earliest': NULL, 'latest': NULL, 'estProfile': NULL, 'estDetermination': NULL}, 'end': {'earliest': NULL, 'latest': NULL, 'estProfile': NULL, 'estDetermination': NULL}, 'estDetermination': NULL, 'estProfile': NULL, 'timestamp': {'in': NULL, 'type': NULL, 'circa': false}, 'estMinDate': NULL, 'estMaxDate': NULL}",Romania,,11,,https://www.persee.fr/doc/roma_0035-8029_2007_num_125_497_1387
877,104,Vietor_1876_Loherains,[Jean-Baptiste Camps],,,Geste des Loherains,,chanson de geste,9489.0,reconstructed,9494,,,,,,,archetype,9501.0,,,,,,,"stemma un peu bizarroïde, et ouvert à l’interprétation dans sa présentation. Est en fait plutôt un classement par familles.",[],,,book,9492,"Vietor, Wilhelm","Die Handschriften der Geste des Loherains, mit Texten und Varianten",Halle,"{'comment': NULL, 'value': 1876-01-01 00:00:00, 'start': {'earliest': NULL, 'latest': NULL, 'estProfile': NULL, 'estDetermination': NULL}, 'end': {'earliest': NULL, 'latest': NULL, 'estProfile': NULL, 'estDetermination': NULL}, 'estDetermination': NULL, 'estProfile': NULL, 'timestamp': {'in': NULL, 'type': NULL, 'circa': false}, 'estMinDate': NULL, 'estMaxDate': NULL}",Niemeyer,,32,,https://archive.org/details/DieHandschriftenDerGesteDesLoherain/page/n47
878,104,Korte_1914_RenMont5,[Jean-Baptiste Camps],,,Renaut de Montauban,Anonymous,chanson de geste,9489.0,reconstructed,9494,Yes,9497.0,,,,,unspecified,9500.0,,,NA,9508.0,excluded,9510.0,,[],,,book,9492,"Korte, Erich",Zum Handschriftenverhältnis der chanson de Renaut de Montauban,Greifswald,"{'comment': NULL, 'value': 1914-01-01 00:00:00, 'start': {'earliest': NULL, 'latest': NULL, 'estProfile': NULL, 'estDetermination': NULL}, 'end': {'earliest': NULL, 'latest': NULL, 'estProfile': NULL, 'estDetermination': NULL}, 'estDetermination': NULL, 'estProfile': NULL, 'timestamp': {'in': NULL, 'type': NULL, 'circa': false}, 'estMinDate': NULL, 'estMaxDate': NULL}",,,46,,https://archive.org/details/KorteZumHandschriftenverhaltnis/page/n46
879,104,Segre_1957_BestAmFourn,[Jean-Baptiste Camps],,,Bestiaire d'Amour,Richart de Fornival,didactique,9531.0,reconstructed,9494,,,,,,,,,,,,,,,,[],,,book,9492,"Segre, Cesare","Richart de Fornival, Li Bestiaires d’amours di Maistre Richart de Fornival et li response du Bestiaire",Milan/Naples,"{'comment': NULL, 'value': 1957-01-01 00:00:00, 'start': {'earliest': NULL, 'latest': NULL, 'estProfile': NULL, 'estDetermination': NULL}, 'end': {'earliest': NULL, 'latest': NULL, 'estProfile': NULL, 'estDetermination': NULL}, 'estDetermination': NULL, 'estProfile': NULL, 'timestamp': {'in': NULL, 'type': NULL, 'circa': false}, 'estMinDate': NULL, 'estMaxDate': NULL}",Documenti di filologia,2.0,,,
880,104,Wailly_1874_Joinville-VieStLouis,[Simon Gabay],,,Vie de Saint Louis,Jean de Joinville,Chronicle,9532.0,reconstructed,9494,,,,,,,original,9502.0,,,,,,,Stemma is really not clear,[],,,publicationPart,9541,"Wailly, Natalis de",Lettre à M. Gaston Paris sur le texte de Joinville,Paris,"{'comment': NULL, 'value': 1874-01-01 00:00:00, 'start': {'earliest': NULL, 'latest': NULL, 'estProfile': NULL, 'estDetermination': NULL}, 'end': {'earliest': NULL, 'latest': NULL, 'estProfile': NULL, 'estDetermination': NULL}, 'estDetermination': NULL, 'estProfile': NULL, 'timestamp': {'in': NULL, 'type': NULL, 'circa': false}, 'estMinDate': NULL, 'estMaxDate': NULL}",Romania,3.0,491,,https://www.persee.fr/doc/roma_0035-8029_1874_num_3_12_6704
881,104,LeonardiTrachsler_2015_Meliadus,[Jean-Baptiste Camps],,,Meliadus,Rusticien de Pise,roman arthurien en prose,9512.0,reconstructed,9494,,,,,,,unspecified,9500.0,,,,,,,,[],,,publicationPart,9541,"Trachsler, Richard Leonardi, Lino",L’édition critique des romans en prose : le cas de Guiron le Courtois,,"{'comment': NULL, 'value': 2015-01-01 00:00:00, 'start': {'earliest': NULL, 'latest': NULL, 'estProfile': NULL, 'estDetermination': NULL}, 'end': {'earliest': NULL, 'latest': NULL, 'estProfile': NULL, 'estDetermination': NULL}, 'estDetermination': NULL, 'estProfile': NULL, 'timestamp': {'in': NULL, 'type': NULL, 'circa': false}, 'estMinDate': NULL, 'estMaxDate': NULL}",Manuel de la philologie de l’édition,,61,,
882,104,Paris_1876_SeptSages,[Jean-Baptiste Camps],,,Sept Sages de Rome,,,,reconstructed,9494,,,,,,,unspecified,9500.0,,,,,,,,[],,,book,9492,"Paris, Gaston",Deux rédactions du roman des Sept Sages de Rome,Paris,"{'comment': NULL, 'value': 1876-01-01 00:00:00, 'start': {'earliest': NULL, 'latest': NULL, 'estProfile': NULL, 'estDetermination': NULL}, 'end': {'earliest': NULL, 'latest': NULL, 'estProfile': NULL, 'estDetermination': NULL}, 'estDetermination': NULL, 'estProfile': NULL, 'timestamp': {'in': NULL, 'type': NULL, 'circa': false}, 'estMinDate': NULL, 'estMaxDate': NULL}",SATF,5.0,XXVI,,
883,104,Ponceau_1997a_SaintGraal,"[Simon Gabay, Jean-Baptiste Camps]",,,L’Estoire del Saint Graal,Anonymous,roman,9529.0,reconstructed,9494,,,,,,,unspecified,9500.0,,,,,,,,[],,,book,9492,"Ponceau, Jean-Paul",L’Estoire del Saint Graal,Paris,"{'comment': NULL, 'value': 1997-01-01 00:00:00, 'start': {'earliest': NULL, 'latest': NULL, 'estProfile': NULL, 'estDetermination': NULL}, 'end': {'earliest': NULL, 'latest': NULL, 'estProfile': NULL, 'estDetermination': NULL}, 'estDetermination': NULL, 'estProfile': NULL, 'timestamp': {'in': NULL, 'type': NULL, 'circa': false}, 'estMinDate': NULL, 'estMaxDate': NULL}",Classiques français du Moyen Âge,120.0,xxix,,
884,104,Herbin_2018a_Anseys,[Simon Gabay],,,Anseÿs de Gascogne,Anonymous,chanson de geste,9489.0,reconstructed,9494,,,,,,,original,9502.0,,,,,,,Two alternative stemmata proposed.,[],,,book,9492,"Herbin, Jean-Charles; Triaud, Annie",Anseÿs de Gascogne,Paris,"{'comment': NULL, 'value': 2018-01-01 00:00:00, 'start': {'earliest': NULL, 'latest': NULL, 'estProfile': NULL, 'estDetermination': NULL}, 'end': {'earliest': NULL, 'latest': NULL, 'estProfile': NULL, 'estDetermination': NULL}, 'estDetermination': NULL, 'estProfile': NULL, 'timestamp': {'in': NULL, 'type': NULL, 'circa': false}, 'estMinDate': NULL, 'estMaxDate': NULL}",Classiques français du Moyen Âge,184.0,LVIII,,
885,104,Ponceau_1997b_SaintGraal,"[Simon Gabay, Jean-Baptiste Camps]",,,L’Estoire del Saint Graal,Anonymous,roman,9529.0,reconstructed,9494,,,,,,,unspecified,9500.0,,,,,,,,[],,,book,9492,"Ponceau, Jean-Paul",L’Estoire del Saint Graal,Paris,"{'comment': NULL, 'value': 1997-01-01 00:00:00, 'start': {'earliest': NULL, 'latest': NULL, 'estProfile': NULL, 'estDetermination': NULL}, 'end': {'earliest': NULL, 'latest': NULL, 'estProfile': NULL, 'estDetermination': NULL}, 'estDetermination': NULL, 'estProfile': NULL, 'timestamp': {'in': NULL, 'type': NULL, 'circa': false}, 'estMinDate': NULL, 'estMaxDate': NULL}",Classiques français du Moyen Âge,120.0,xxix,,
886,104,Masami_2003_NativitND,[Jean-Baptiste Camps],,,Nativité Nostre Dame,Gautier de Coinci,lyrique,9520.0,reconstructed,9494,,,,,,,archetype,9501.0,,,,,,,"1 stemma, avec classement qui diffère de ceux donnés par le même auteur pour les miracles",[],,,publicationPart,9541,"Masami, Okubo",Autour de la Nativité Nostre Dame et de son attribution à Gautier de Coinci,Paris,"{'comment': NULL, 'value': 2003-01-01 00:00:00, 'start': {'earliest': NULL, 'latest': NULL, 'estProfile': NULL, 'estDetermination': NULL}, 'end': {'earliest': NULL, 'latest': NULL, 'estProfile': NULL, 'estDetermination': NULL}, 'estDetermination': NULL, 'estProfile': NULL, 'timestamp': {'in': NULL, 'type': NULL, 'circa': false}, 'estMinDate': NULL, 'estMaxDate': NULL}",Romania,121.0,348-381,,https://doi.org/10.3406/roma.2003.1299
887,104,Gregory_1993_Cliges,[Simon Gabay],,,Cligès,Chrétien de Troyes,,,reconstructed,9494,,,,,,,original,9502.0,,,,,,,,[],,,book,9492,"Gregory, Stewart; Luttrell, Claude",Cligès,Cambridge : D.S.Brewer,"{'comment': NULL, 'value': 1993-01-01 00:00:00, 'start': {'earliest': NULL, 'latest': NULL, 'estProfile': NULL, 'estDetermination': NULL}, 'end': {'earliest': NULL, 'latest': NULL, 'estProfile': NULL, 'estDetermination': NULL}, 'estDetermination': NULL, 'estProfile': NULL, 'timestamp': {'in': NULL, 'type': NULL, 'circa': false}, 'estMinDate': NULL, 'estMaxDate': NULL}",Arthurian studies,28.0,26,,
888,104,Lagomarsini_2018_GuironCourtois1,[Jean-Baptiste Camps],,,Guiron le courtois,,roman arthurien en prose,9512.0,reconstructed,9494,,,,,unknown,9535.0,archetype,9501.0,,,,,,,,[],,,publicationPart,9541,"Lagomarsini, C.",Pour l'édition du `Roman de Guiron'. Classement des manuscrits,Paris,"{'comment': NULL, 'value': 2018-01-01 00:00:00, 'start': {'earliest': NULL, 'latest': NULL, 'estProfile': NULL, 'estDetermination': NULL}, 'end': {'earliest': NULL, 'latest': NULL, 'estProfile': NULL, 'estDetermination': NULL}, 'estDetermination': NULL, 'estProfile': NULL, 'timestamp': {'in': NULL, 'type': NULL, 'circa': false}, 'estMinDate': NULL, 'estMaxDate': NULL}","Le Cycle de Guiron le Courtois: prolégomènes à l'édition intégrale du corpus, sous la dir. de Lino Leonardi et R. Trachsler",,249-430,,
889,104,Veneziale_2020_Guiron-Cont,[Jean-Baptiste Camps],,,Roman de Guiron (continuation),,roman arthurien en prose,9512.0,reconstructed,9494,,,,,,,archetype,9501.0,,,,,,,"This stemma of the continuation is a subset of the complete stemma of Roman de Guiron part 2. See Lagomarsini_2018_GuironCourtois2, and Leonardi & Trachsler 2015.",[],,,book,9492,"Veneziale, Marco",Continuazione del Roman de Guiron,Firenze,"{'comment': NULL, 'value': 2020-01-01 00:00:00, 'start': {'earliest': NULL, 'latest': NULL, 'estProfile': NULL, 'estDetermination': NULL}, 'end': {'earliest': NULL, 'latest': NULL, 'estProfile': NULL, 'estDetermination': NULL}, 'estDetermination': NULL, 'estProfile': NULL, 'timestamp': {'in': NULL, 'type': NULL, 'circa': false}, 'estMinDate': NULL, 'estMaxDate': NULL}","Il Ciclo di Guiron le courtois, romanzi in prosa del secolo XIII",6.0,59,,https://www.zora.uzh.ch/id/eprint/198157/1/AR40_Continuazione_del_Roman_de_Guiron.pdf
890,104,Jonin_1958_Yvain,[Jean-Baptiste Camps],,,Yvain,Chrétien de Troyes,roman arthurien en vers,9517.0,reconstructed,9494,,,,,,,archetype,9501.0,,,,,,,Contamination not shown on stemma but the editor tells about cross family agreements in innovation.,[],,,book,9492,"Jonin, Pierre",Prolégomènes à une édition d’Yvain,Aix,"{'comment': NULL, 'value': 1958-01-01 00:00:00, 'start': {'earliest': NULL, 'latest': NULL, 'estProfile': NULL, 'estDetermination': NULL}, 'end': {'earliest': NULL, 'latest': NULL, 'estProfile': NULL, 'estDetermination': NULL}, 'estDetermination': NULL, 'estProfile': NULL, 'timestamp': {'in': NULL, 'type': NULL, 'circa': false}, 'estMinDate': NULL, 'estMaxDate': NULL}",,,90,,
891,104,Chocheyras_1966_JeanMichel-MistPassion,[Jean-Baptiste Camps],,,Mystère de la passion (d'Angers),Jean Michel,drama,9533.0,observed,9495,,,,,,,archetype,9501.0,,,,,,,,[],,,publicationPart,9541,"Chocheyras, Jacques",Les éditions de la Passion de Jean Michel au XVIe,Paris,"{'comment': NULL, 'value': 1966-01-01 00:00:00, 'start': {'earliest': NULL, 'latest': NULL, 'estProfile': NULL, 'estDetermination': NULL}, 'end': {'earliest': NULL, 'latest': NULL, 'estProfile': NULL, 'estDetermination': NULL}, 'estDetermination': NULL, 'estProfile': NULL, 'timestamp': {'in': NULL, 'type': NULL, 'circa': false}, 'estMinDate': NULL, 'estMaxDate': NULL}",Romania,87.0,175-193,,https://doi.org/10.3406/roma.1966.2561
892,104,Korte_1914_RenMont6,[Jean-Baptiste Camps],,,Renaut de Montauban,Anonymous,chanson de geste,9489.0,reconstructed,9494,Yes,9497.0,,,,,unspecified,9500.0,,,NA,9508.0,excluded,9510.0,,[],,,book,9492,"Korte, Erich",Zum Handschriftenverhältnis der chanson de Renaut de Montauban,Greifswald,"{'comment': NULL, 'value': 1914-01-01 00:00:00, 'start': {'earliest': NULL, 'latest': NULL, 'estProfile': NULL, 'estDetermination': NULL}, 'end': {'earliest': NULL, 'latest': NULL, 'estProfile': NULL, 'estDetermination': NULL}, 'estDetermination': NULL, 'estProfile': NULL, 'timestamp': {'in': NULL, 'type': NULL, 'circa': false}, 'estMinDate': NULL, 'estMaxDate': NULL}",,,47,,https://archive.org/details/KorteZumHandschriftenverhaltnis/page/n47
893,104,Gundlach_1883_SiegeBarbastre,[Jean-Baptiste Camps],,,Siege de Barbastre,,chanson de geste,9489.0,reconstructed,9494,,,,,,,archetype,9501.0,,,,,,,,[],,,book,9492,"Gundlach, Ad.",Das Handschriften-Verhältnis des Siege de Barbastre,Marbourg,"{'comment': NULL, 'value': 1883-01-01 00:00:00, 'start': {'earliest': NULL, 'latest': NULL, 'estProfile': NULL, 'estDetermination': NULL}, 'end': {'earliest': NULL, 'latest': NULL, 'estProfile': NULL, 'estDetermination': NULL}, 'estDetermination': NULL, 'estProfile': NULL, 'timestamp': {'in': NULL, 'type': NULL, 'circa': false}, 'estMinDate': NULL, 'estMaxDate': NULL}",,,33,,https://archive.org/details/HandschriftenVerhBarbastre/page/n38
894,104,Palumbo_2013_Aspremont,[Jean-Baptiste Camps],,,Chanson d'Aspremont,,chanson de geste,9489.0,reconstructed,9494,,,,,,,archetype,9501.0,,,,,,,"deux stemmata, un pour le début du texte; l’autre pour la fin. À actualiser quand le stemma définitif sera paru. Pour le 1er, les liens entre subarchétypes ne sont pas encore donnés.",[],,,publicationPart,9541,"Palumbo, Giovanni; Rinoldi, Paolo",Le stemma codicum de la Chanson d’Aspremont,Nancy,"{'comment': NULL, 'value': 2013-01-01 00:00:00, 'start': {'earliest': NULL, 'latest': NULL, 'estProfile': NULL, 'estDetermination': NULL}, 'end': {'earliest': NULL, 'latest': NULL, 'estProfile': NULL, 'estDetermination': NULL}, 'estDetermination': NULL, 'estProfile': NULL, 'timestamp': {'in': NULL, 'type': NULL, 'circa': false}, 'estMinDate': NULL, 'estMaxDate': NULL}",,,,,http://www.atilf.fr/cilpr2013/programme/resumes/bdde6b2a84f0fc7747f617b3f986c5b8.pdf
895,104,Paris_1872_Alexis,[Jean-Baptiste Camps],,,Chanson de saint Alexis,,chanson de saint,9534.0,reconstructed,9494,,,,,,,original,9502.0,,,,,,,Deprecated stemma (see Zufferey’s for a more recent one),[],,,book,9492,"Paris, Gaston and Pannier, Léopold","La vie de saint Alexis : poème du XIe siècle et renouvellements des XIIe, XIIIe, et XIVe siècles",Paris,"{'comment': NULL, 'value': 1872-01-01 00:00:00, 'start': {'earliest': NULL, 'latest': NULL, 'estProfile': NULL, 'estDetermination': NULL}, 'end': {'earliest': NULL, 'latest': NULL, 'estProfile': NULL, 'estDetermination': NULL}, 'estDetermination': NULL, 'estProfile': NULL, 'timestamp': {'in': NULL, 'type': NULL, 'circa': false}, 'estMinDate': NULL, 'estMaxDate': NULL}",Bibliothèque de l’École des hautes études. Sciences philologiques et historiques,7.0,27,,https://gallica.bnf.fr/ark:/12148/bpt6k33044x/f43.item
896,104,Constans_1890_Thebes,[Jean-Baptiste Camps],,,Roman de Thebes,,roman antique,9513.0,reconstructed,9494,,,,,,,original,9502.0,,,,,,,"la contamination est notée sur le stemma via le signe d'addition, selon la première mode, et indiquée dans le texte. y a utilisé un modèle secondaire de la famille de x.",[],,,book,9492,"Constans, Léopold","Le Roman de Thèbes, publié d’après tous les manuscrits",Paris,"{'comment': NULL, 'value': 1890-01-01 00:00:00, 'start': {'earliest': NULL, 'latest': NULL, 'estProfile': NULL, 'estDetermination': NULL}, 'end': {'earliest': NULL, 'latest': NULL, 'estProfile': NULL, 'estDetermination': NULL}, 'estDetermination': NULL, 'estProfile': NULL, 'timestamp': {'in': NULL, 'type': NULL, 'circa': false}, 'estMinDate': NULL, 'estMaxDate': NULL}",SATF,30.0,LXVI,,
897,104,Terracher_1923_ChevVivien,[Jean-Baptiste Camps],,,Chevalerie Vivien,,chanson de geste,9489.0,reconstructed,9494,,,,,,,archetype,9501.0,,,,,,,,[],,,book,9492,"Terracher, Louis Adolphe",La tradition manuscrite de la Chevalerie Vivien,Paris,"{'comment': NULL, 'value': 1923-01-01 00:00:00, 'start': {'earliest': NULL, 'latest': NULL, 'estProfile': NULL, 'estDetermination': NULL}, 'end': {'earliest': NULL, 'latest': NULL, 'estProfile': NULL, 'estDetermination': NULL}, 'estDetermination': NULL, 'estProfile': NULL, 'timestamp': {'in': NULL, 'type': NULL, 'circa': false}, 'estMinDate': NULL, 'estMaxDate': NULL}",Champion,,82,,https://archive.org/details/latraditionmanus00terruoft
898,104,CourayeduParc_1884_MortAimeri,[Jean-Baptiste Camps],,,Mort Aimeri de Narbonne,,chanson de geste,9489.0,reconstructed,9494,,,No,9498.0,No,9498.0,archetype,9501.0,,,,,,,,[],,,book,9492,"Couraye du Parc, J.","La mort Aymeri de Narbonne, chanson de geste publiée d'après les manuscrits de Londres et de Paris",Paris,"{'comment': NULL, 'value': 1884-01-01 00:00:00, 'start': {'earliest': NULL, 'latest': NULL, 'estProfile': NULL, 'estDetermination': NULL}, 'end': {'earliest': NULL, 'latest': NULL, 'estProfile': NULL, 'estDetermination': NULL}, 'estDetermination': NULL, 'estProfile': NULL, 'timestamp': {'in': NULL, 'type': NULL, 'circa': false}, 'estMinDate': NULL, 'estMaxDate': NULL}",SATF,,xlvj,,https://archive.org/details/lamortaymeridena00couruoft/page/xlvi
899,104,Ewert_1932_GuiWarewic,[Jean-Baptiste Camps],,,Gui de Warewic,,chanson de geste,9489.0,reconstructed,9494,,,Yes,9497.0,Yes,9497.0,archetype,9501.0,,,,,,,,[],,,book,9492,"Ewert, Alfred",Gui de Warewic : roman du XIIIe siècle,Paris,"{'comment': NULL, 'value': 1932-01-01 00:00:00, 'start': {'earliest': NULL, 'latest': NULL, 'estProfile': NULL, 'estDetermination': NULL}, 'end': {'earliest': NULL, 'latest': NULL, 'estProfile': NULL, 'estDetermination': NULL}, 'estDetermination': NULL, 'estProfile': NULL, 'timestamp': {'in': NULL, 'type': NULL, 'circa': false}, 'estMinDate': NULL, 'estMaxDate': NULL}",CFMA,74.0,xvi,,
